date,tavg,tmin,tmax,prcp,snow,wdir,wspd,wpgt,pres,tsun
2019-01-01,8.4,7.6,9.6,0.3,,313,9.9,,1035.2,
2019-01-02,6.3,5.4,8.7,0,,17,13.8,,1040,
2019-01-03,5.4,4.1,6.6,0,,39,11.1,,1041,
2019-01-04,4.7,3.1,6,0,,25,10.6,,1040.6,
2019-01-05,5.1,4.2,5.9,0,,350,14.1,,1038.3,
2019-01-06,5.7,4.3,6.8,0,,316,8.1,,1037.2,
2019-01-07,7.3,6,8.6,0,,306,9.2,,1035.6,
2019-01-08,8.4,6.9,9.7,0.5,,318,15.4,,1027.1,
2019-01-09,5.2,3.8,7.7,0,,347,18.3,,1025,
2019-01-10,3.9,2.1,5.5,0.8,,8,12.9,,1028.2,
2019-01-11,6.2,4.2,8.3,0,,322,8.2,,1029.1,
2019-01-12,8,6.7,9.2,1.3,,280,11.8,,1026.7,
2019-01-13,10.4,8.8,11.9,0.8,,292,16.2,,1017.4,
2019-01-14,8.8,6.9,10.9,0.8,,323,14.6,,1019.9,
2019-01-15,7.6,7.1,8.6,0,,264,9,,1023.8,
2019-01-16,5.2,1.9,7.8,0,,214,11.6,,1013.4,
2019-01-17,5.4,2.9,8.5,3,,288,14,,1011.6,
2019-01-18,2.4,0.7,6.1,0,,189,8.2,,1019.5,
2019-01-19,0.6,-1.7,2.8,0,,153,10.5,,1012.6,
2019-01-20,2.6,1.4,3,4.1,,56,10.3,,1014.5,
2019-01-21,0.1,-2.2,3.6,0.8,,28,7.5,,1022.6,
2019-01-22,-0.1,-2.4,1.7,0,30,198,12.7,,1008.6,
2019-01-23,1.3,0.1,2.1,7.4,10,322,14.1,,999,
2019-01-24,1.2,-0.4,2.5,1,10,268,9.2,,1012.6,
2019-01-25,3.9,1.7,6.8,1,,213,6.8,,1016.8,
2019-01-26,8.3,5.5,9.6,1.3,,243,12.6,,1011.2,
2019-01-27,6.4,3.9,8.2,1.5,,267,17.7,,995,
2019-01-28,4.4,2.6,6.9,4.3,,303,14.7,,1005.5,
2019-01-29,1.7,-0.8,5.2,0,,171,11.3,,1003.1,
2019-01-30,2.3,0.5,5.2,19.6,10,283,12.3,,995.9,
2019-01-31,1.3,-1,4.1,0.5,10,177,11.7,,992.9,
2019-02-01,5.4,2.2,7.7,1.3,,167,8,,986.9,
2019-02-02,4.4,3.5,6.8,16,,344,17.6,,1000.6,
2019-02-03,3.8,1.4,6.6,0,,342,14.4,,1022.8,
2019-02-04,2.1,-0.8,4.4,0,,197,10.8,,1027.5,
2019-02-05,4.7,3.1,8.8,0,,199,7.9,,1027.8,
2019-02-06,7.3,3,10.1,0,,197,10.9,,1023.3,
2019-02-07,8.8,6.8,11.6,4.1,,240,15.5,,1015.2,
2019-02-08,8.8,6.6,10,0.8,,210,18.9,,1012.7,
2019-02-09,9.7,7.7,12.3,1.8,,234,18.4,,1010.5,
2019-02-10,8.3,5.7,10.9,3.6,,252,23.2,,1002.6,
2019-02-11,6.3,3.9,9.7,8.4,,307,12.2,,1023.7,
2019-02-12,4.9,1.6,8.8,0.3,,229,5.5,,1036.3,
2019-02-13,3.9,-0.1,8.6,0,,140,5.7,,1036.4,
2019-02-14,6.7,1.3,13.4,0,,137,6,,1033.4,
2019-02-15,8.3,2.8,15.2,0,,157,6.9,,1029.3,
2019-02-16,8.4,2,16.2,0,,189,6.6,,1026.4,
2019-02-17,9.8,3.7,17.4,0,,192,10,,1021.1,
2019-02-18,9.6,3.8,15.2,0,,213,9.7,,1018.4,
2019-02-19,8.2,5.9,12.5,0,,263,8.1,,1022,
2019-02-20,7.7,2.3,13.5,0,,193,5.4,,1024.1,
2019-02-21,9.6,4.1,16.4,0,,187,5.1,,1028.6,
2019-02-22,10.9,5.2,18.1,0,,72,5.3,,1034.4,
2019-02-23,11.1,6.7,16.6,0,10,103,9.4,,1033.7,
2019-02-24,9.6,4.1,15.6,0,,86,8.5,,1034.7,
2019-02-25,11.4,6.2,17.9,0,,63,8.6,,1034.9,
2019-02-26,12.4,6.8,19.3,0,,113,6.6,,1031.9,
2019-02-27,12.6,5.4,20.4,0,,201,5.3,,1026.2,
2019-02-28,11.6,7.6,16.5,0,,251,14.2,,1021.3,
2019-03-01,10.3,9.2,11.9,1.3,,287,12.7,,1020,
2019-03-02,10.3,8,12.9,1,,232,11.1,,1017.4,
2019-03-03,12.4,10.1,15.1,0.5,,220,21,,1010.5,
2019-03-04,9.1,6.2,14.6,4.3,,248,22.8,,1001.8,
2019-03-05,8.6,5.2,12.6,2.3,,223,13.8,,1009.6,
2019-03-06,10.2,7.9,12,1,,186,12.8,,999,
2019-03-07,9.3,7.2,13.1,12.2,,243,18.3,,1000.7,
2019-03-08,9.2,5,14,0,,248,15.9,,1015.8,
2019-03-09,11.7,8.5,15.1,0.8,,243,15.3,,1018.5,
2019-03-10,11.3,7.7,14,6.4,,265,22.5,,1016.5,
2019-03-11,7.2,4.4,10.4,0.8,,289,17.2,,1027.1,
2019-03-12,7.7,4.7,13,0.8,,218,17.9,,1017.7,
2019-03-13,7.4,4.6,11.4,2.5,,,,,,
2019-03-14,9.4,7.1,12,1,,269,19.3,,1013.6,
2019-03-15,12.8,10.8,14.6,5.8,,273,20.2,,1015.6,
2019-03-16,11.6,9.4,14.7,0.3,,236,18.9,,1013.7,
2019-03-17,7.4,4.5,12.3,2.8,,263,17,,1010.1,
2019-03-18,7.6,4.4,11.1,2.3,,299,11.7,,1021.7,
2019-03-19,8.9,4.1,13.6,0,,307,5.9,,1029.1,
2019-03-20,9.8,4.8,13.9,0,,14,5.5,,1034.1,
2019-03-21,11.7,7,16.9,0,,28,9.1,,1033.1,
2019-03-22,12.2,6.7,18.8,0,,331,6.6,,1029.1,
2019-03-23,9.9,6,15.5,0,,15,10.5,,1029.8,
2019-03-24,9.9,8.5,13.2,0,,21,12.7,,1028.3,
2019-03-25,8.7,5.6,13.2,0,,353,16.2,,1029.6,
2019-03-26,9.4,6.6,13.2,0,,28,13.9,,1033.3,
2019-03-27,9.8,5.6,14.3,0,,21,13.8,,1033.8,
2019-03-28,10.5,7.1,15.6,0,,42,13.2,,1034,
2019-03-29,12.6,6.8,18.8,0,,86,8.4,,1027.7,
2019-03-30,13.6,6.6,20.5,0,,192,6.7,,1021.7,
2019-03-31,14.7,8.5,21.5,0,,17,11.2,,1019.2,
2019-04-01,14.7,8,21.6,0,,75,10.8,,1016.5,
2019-04-02,12,7.8,18.7,0.5,,226,12.9,,1008,
2019-04-03,7,4.6,11.1,4.6,,230,11.2,,1001.7,
2019-04-04,7.5,2.4,12.7,0.3,,210,9.6,,999.8,
2019-04-05,9.2,2.8,14.2,0,,134,10.3,,1002.8,
2019-04-06,12.1,5.9,18.5,0,,109,11.9,,1001.6,
2019-04-07,12.2,9.5,15.6,0,,268,8,,1006.3,
2019-04-08,12.7,8.1,17.3,0,,280,6.7,,1010.7,
2019-04-09,11.8,9.3,14.8,0,,31,8.4,,1010.7,
2019-04-10,10.9,9.6,12.5,0,,25,12.6,,1012.8,
2019-04-11,9.2,4.3,14.7,3.3,,26,17.3,,1020.4,
2019-04-12,7.6,3.6,12.1,0,,29,15.4,,1023.1,
2019-04-13,6.6,2.3,11.1,0,,46,14.7,,1024.1,
2019-04-14,6.1,1,11.2,0,,54,11.5,,1023.2,
2019-04-15,10.8,3.7,16.9,0,,110,12.1,,1019.3,
2019-04-16,11.8,10,15.3,0,,236,8.5,,1015,
2019-04-17,13.5,7,20.1,0,,150,8,,1019.5,
2019-04-18,17.7,11.7,23.8,0,,90,10.9,,1019.1,
2019-04-19,19.1,11.9,26,0,,58,7.9,,1023.4,
2019-04-20,20.7,14.2,27.2,0.3,,44,11.1,,1025.1,
2019-04-21,19.3,12.8,25.5,0,,51,8.9,,1018,
2019-04-22,19.2,12.3,25.3,0,,143,6.2,,1006,
2019-04-23,17.7,14.7,22.5,0,,92,6.4,,996.1,
2019-04-24,14.2,11.6,18.6,0,,184,13.1,,997.7,
2019-04-25,11.6,9.6,16.5,5.8,,192,13.3,,1003.5,
2019-04-26,12.1,6.1,17.1,0.3,,199,10.3,,1013.5,
2019-04-27,10.3,8,14.4,1.3,,265,17.6,,1017.6,
2019-04-28,9.5,7,13.3,2.3,,294,13.2,,1021.4,
2019-04-29,12.2,6.7,17.5,1.3,,30,7.2,,1024.3,
2019-04-30,12,8.4,17.9,0,,28,11,,1023.2,
2019-05-01,13.4,7.9,19.7,0,,12,8.8,,1017.7,
2019-05-02,12.3,10.3,16.5,0,,330,11.2,,1014.5,
2019-05-03,11.3,8.2,16.7,3,,320,8,,1014.3,
2019-05-04,7.1,3.6,12.6,7.1,,347,15.3,,1014.7,
2019-05-05,7.9,4.1,12.3,5.1,,3,15.5,,1023.2,
2019-05-06,9.5,4.3,13.6,0.8,,328,6.1,,1023.6,
2019-05-07,12.3,5.9,17.3,0,,169,8.1,,1016.7,
2019-05-08,11.8,10.3,15.8,2.3,,206,11.9,,1001.1,
2019-05-09,12.1,9.9,15,12.4,,249,13.7,,999.7,
2019-05-10,12.9,9.9,17.4,1,,223,8.1,,1009.8,
2019-05-11,12.1,9.6,17.4,43.7,,351,14,,1015.5,
2019-05-12,11.6,6.8,16.5,11.4,,28,15.4,,1033.3,
2019-05-13,13.3,7.1,18.9,0,,55,16.6,,1035.4,
2019-05-14,14.4,8.8,19.5,0,,57,16.4,,1029.9,
2019-05-15,14.8,9.7,19.7,0,,69,14.1,,1023.7,
2019-05-16,14.3,8.6,18.6,0,,69,11.4,,1015.9,
2019-05-17,14.8,9.9,19.3,0,,43,7.5,,1006.1,
2019-05-18,15,12.1,19,0.5,,173,6,,1004.9,
2019-05-19,14.2,12.1,18.1,17.3,,346,7.8,,1007.2,
2019-05-20,14.9,11.5,19.6,0.3,,346,12.6,,1011.1,
2019-05-21,16,11.6,19.9,0.3,,331,8.8,,1017,
2019-05-22,16.8,10.6,22.4,0,,359,6.1,,1020.4,
2019-05-23,18.3,10.9,23.5,0,,196,6.1,,1018.3,
2019-05-24,18.6,15.1,23.1,0,,335,10,,1016.6,
2019-05-25,17.6,13.9,21.6,0,,331,9.6,,1018.6,
2019-05-26,16.4,13.7,19.9,1,,289,10.1,,1017.8,
2019-05-27,16.9,15,21,0,,307,11.8,,1012.6,
2019-05-28,13.9,11.1,18.7,0,10,308,12.8,,1012.7,
2019-05-29,15.4,9.8,19.8,0.3,,276,8.8,,1021.5,
2019-05-30,17.6,14.4,21.2,0,,257,8.9,,1025.1,
2019-05-31,19.7,14.2,25.6,0,,302,5.6,,1025.7,
2019-06-01,22.9,14.8,29.8,0,,155,6.6,,1020.9,
2019-06-02,25.7,17.3,32.8,0,,207,11.4,,1013.6,
2019-06-03,19.4,18.1,29.6,0,,271,8,,1014.4,
2019-06-04,20.6,15.8,28.6,1,,166,10.3,,1007.6,
2019-06-05,13.7,11.2,22.7,4.6,,276,10.3,,1008.5,
2019-06-06,15.4,10.4,21,17.5,,196,10.4,,1012.7,
2019-06-07,15.2,14.2,19.5,0.3,,170,19.4,,1006.2,
2019-06-08,15.6,11.7,20.1,1.5,,230,18.2,,1019.4,
2019-06-09,16.3,12.3,21,0.5,,109,7.1,,1020.7,
2019-06-10,15.4,13.3,20.3,0.3,,285,9,,1014.1,
2019-06-11,13.7,9.5,19.8,0,,190,6.7,,1012,
2019-06-12,13,9.7,18,2.8,,183,9.7,,1009.9,
2019-06-13,14.7,10.3,19.8,2.8,,210,12.1,,1011.8,
2019-06-14,19,13.5,23.6,5.6,,209,7,,1012.7,
2019-06-15,18.2,13.8,22.6,8.4,,234,11.4,,1015.3,
2019-06-16,18.3,14.1,23.4,0,,229,10.3,,1020.8,
2019-06-17,21,13.5,27.4,0,,172,6.2,,1018.8,
2019-06-18,23.6,16.4,29.7,0,,113,8.6,,1012.7,
2019-06-19,22.2,18.4,28.2,0,,239,12.9,,1008.4,
2019-06-20,17.8,14.6,21.5,4.8,,295,9.2,,1014.5,
2019-06-21,18.1,13.5,22.8,1.3,,8,9,,1019.9,
2019-06-22,19.9,13.5,25.5,0,,45,11,,1019.5,
2019-06-23,24,17.2,29.9,0,,106,10.8,,1015.2,
2019-06-24,26.4,20.4,31.4,0,,113,9.9,,1015.1,
2019-06-25,27.4,21.7,33.2,0,,227,8.1,,1015.8,
2019-06-26,27.4,21,34.6,0,,45,14.8,,1020.9,
2019-06-27,26.3,20.2,33,0,,45,16.3,,1022.4,
2019-06-28,26.6,19.5,33.9,0,,68,11.9,,1020.7,
2019-06-29,29,21,36.5,0,,122,7.3,,1015.8,
2019-06-30,23.9,19.8,34.3,0,,320,12.2,,1016.3,
2019-07-01,20.4,17,26.3,0,,341,12.2,,1020.5,
2019-07-02,20.7,14.5,26.4,0,,40,13.5,,1022.2,
2019-07-03,20.9,14.7,26.9,0,,44,15.8,,1022.2,
2019-07-04,21.9,14.2,28.8,0,,46,12.5,,1022,
2019-07-05,24.9,16.6,32.3,0,,49,7.8,,1018.1,
2019-07-06,25.7,19.2,32.3,0,,2,8.6,,1012.3,
2019-07-07,21.8,17.7,30.3,0,160,30,10.6,,1014.1,
2019-07-08,20,15.5,24.9,0,,55,15.1,,1018.9,
2019-07-09,20.3,13.2,26.1,0,,,,,,
2019-07-10,22.4,15.7,28.5,0,,58,6.6,,1019.2,
2019-07-11,24.2,19.7,29.4,0,160,233,7,,1013.6,
2019-07-12,21.9,17.1,28.7,0,,328,12.6,,1014.9,
2019-07-13,21.3,17,26.9,0,160,13,12.3,,1019.4,
2019-07-14,18.2,14.2,24.5,0,,40,17,,1020,
2019-07-15,19.1,13.2,25.5,0,160,33,13.5,,1019.7,
2019-07-16,20.4,13.8,27.1,0,160,48,8,,1018.7,
2019-07-17,23,15.7,29.5,0,,162,7.9,,1014.9,
2019-07-18,21.3,17,27.8,0,,307,11.1,,1013.5,
2019-07-19,23,17.9,29.2,0.5,160,252,7.9,,1014.5,
2019-07-20,22.9,18.8,28.5,0,,229,11.1,,1012.4,
2019-07-21,22.3,17.4,28.1,5.6,,311,8,,1021.3,
2019-07-22,25.7,17.4,33,0,,83,5.7,,1023,
2019-07-23,29.7,21,37.6,0,,111,7.6,,1017.5,
2019-07-24,31.5,23.3,39.5,0,,251,6.8,,1013,
2019-07-25,33.9,25,42.6,0,,157,8.5,,1010.7,
2019-07-26,25.4,22.2,39,0,,338,13.7,,1010,
2019-07-27,19.1,16.3,26.1,12.7,,337,14.3,,1007,
2019-07-28,20,15.7,25.1,0.8,,306,12.6,,1007.7,
2019-07-29,22.8,15.5,29.4,0,,164,8,,1010.7,
2019-07-30,21,17.4,28.8,0,10,224,15.3,,1012.5,
2019-07-31,19.9,15.2,24.4,0,10,254,11.3,,1017.7,
2019-08-01,22.2,16.5,27.4,0,,27,6.4,,1017.3,
2019-08-02,22.5,17.9,28.1,0,,4,10.9,,1017.2,
2019-08-03,21.1,16.1,25.9,0,,55,9.6,,1018.2,
2019-08-04,24.2,16.9,31.5,0,,139,6.2,,1014.4,
2019-08-05,23.3,18.4,28.1,0,,271,11,,1013.2,
2019-08-06,20.5,18.5,25.5,0,,252,7.8,,1011.9,
2019-08-07,21.4,17.4,26.5,19.3,,253,8.9,,1009.9,
2019-08-08,23.6,16.4,29.9,0,,174,7.2,,1011,
2019-08-09,22.1,20.6,27.3,0,,199,9.6,,1007.3,
2019-08-10,21.5,18.3,26.1,31.2,,234,18.5,,1013.5,
2019-08-11,18.4,14.5,24.2,0,,238,10.4,,1016.7,
2019-08-12,17.2,13.8,21.5,0,,239,9.8,,1016.9,
2019-08-13,16.8,12.4,21.3,5.8,,288,9.1,,1020.6,
2019-08-14,19.5,14.1,25.2,0,,225,10.5,,1017.7,
2019-08-15,19.8,17,23.9,0,,272,14.3,,1015.6,
2019-08-16,19.9,14.1,25.4,0,,231,10,,1017.1,
2019-08-17,18.9,17.8,23.1,0.3,,218,10.6,,1010.4,
2019-08-18,19.5,18,22.7,15,,242,10.1,,1008.7,
2019-08-19,18.8,14.7,23,1.5,,273,8.7,,1018.1,
2019-08-20,18.9,15.8,23.3,0,,330,7.7,,1023.9,
2019-08-21,19.1,12.8,24.7,0,,60,7.4,,1027.2,
2019-08-22,20.4,14.1,27.3,0,,27,6.8,,1025.4,
2019-08-23,22.2,14.9,29.3,0,,52,8.8,,1023.7,
2019-08-24,23.9,16.6,31.6,0,,88,5.7,,1018.7,
2019-08-25,25.5,18.3,32.8,0,,88,5.1,,1017.7,
2019-08-26,26.3,18.5,33.4,0,,50,5.3,,1016.9,
2019-08-27,25.8,20.6,33.4,0,,188,6.6,,1014.2,
2019-08-28,23.9,19.2,29.9,0,10,230,9.2,,1015.5,
2019-08-29,20.7,18.8,25.2,0,,302,8.4,,1020.4,
2019-08-30,21,14.4,28.8,0,,66,7,,1022.5,
2019-08-31,23,17.6,31.6,0,,178,11,,1013.7,
2019-09-01,18.6,15.9,24.2,0,,332,11.3,,1017.4,
2019-09-02,17.8,12.8,23.2,0,,345,8.9,,1024.5,
2019-09-03,18.3,13.8,23.7,0,,313,6.9,,1025.6,
2019-09-04,17.9,13.1,24.6,0,,270,10.5,,1019.7,
2019-09-05,15.3,12.5,19.1,0,,337,11.9,,1023.5,
2019-09-06,15.7,9.9,21.5,0,,324,7.9,,1025.9,
2019-09-07,16.1,14.3,19.9,0,,328,12.6,,1021.3,
2019-09-08,14.4,11.5,19.2,0,,358,12.6,,1021.7,
2019-09-09,14.8,9.6,19.8,0,,201,7.1,,1016.3,
2019-09-10,17.1,11.4,23.3,0,,19,8.4,,1017.4,
2019-09-11,18.8,14.5,24.1,0,,292,8.6,,1024.5,
2019-09-12,20.3,17.1,23.8,0,,290,7.7,,1030.1,
2019-09-13,19.3,16.6,24,0,,11,7.8,,1032.5,
2019-09-14,19.7,13.8,26.3,0,,52,9.4,,1029.9,
2019-09-15,20.7,14.6,27.7,0,,21,6.9,,1024.5,
2019-09-16,20,15.7,25.9,0,,346,8.6,,1021.5,
2019-09-17,18.5,16,23.5,0,,33,12.6,,1021.9,
2019-09-18,15.6,11,20.1,,,,,,,
2019-09-19,14.8,10.3,20,0,,54,15.2,,1027.8,
2019-09-20,16.9,11.1,23.7,0,,94,13.7,,1023.4,
2019-09-21,20.2,11.5,27.7,0,,,,,,
2019-09-22,17.8,15.6,24,0,,194,10.8,,1008.5,
2019-09-23,17.2,13,22,8.1,,223,11.4,,1015.1,
2019-09-24,16.1,15,19.6,0,,207,11.4,,1008.8,
2019-09-25,16,13.4,19.7,4.6,,227,13.2,,1008.2,
2019-09-26,18.3,16.1,21.6,1.5,,225,14.7,,1010.4,
2019-09-27,16.2,13.7,20.4,6.1,,237,12.1,,1011.8,
2019-09-28,16.1,13.5,19.5,1.3,,236,14.4,,1015.6,
2019-09-29,15.9,13.4,20.2,0,,222,15.9,,1007.3,
2019-09-30,15.7,12.4,19.1,4.1,,237,12.1,,1013.8,
2019-10-01,17.2,13.9,21.6,0,,226,13,,1005.2,
2019-10-02,13.4,9.8,17.4,5.1,,347,14.8,,1012.7,
2019-10-03,9.8,5.6,13.3,0,,199,6,,1020.4,
2019-10-04,14.2,9.5,16.8,1,,248,14.5,,1010.4,
2019-10-05,15.1,13.2,17.8,0.3,,265,7.3,,1013.9,
2019-10-06,14.9,13.2,18.3,4.3,,261,11.8,,1013.9,
2019-10-07,14.3,11.9,17.4,1.5,,267,11,,1017.7,
2019-10-08,13.8,12.8,15.5,4.3,,239,10.2,,1012.5,
2019-10-09,12.7,10.7,16.8,5.6,,237,13.3,,1012.2,
2019-10-10,13.6,11.1,18.1,4.3,,246,12.3,,1016.9,
2019-10-11,14.6,10.8,20,0.3,,211,11.5,,1016,
2019-10-12,15.4,11.5,20.5,0,,193,8.9,,1011.8,
2019-10-13,18.8,14.7,24.9,0,,209,12.5,,1009.3,
2019-10-14,18.4,15,24.3,0.3,,157,12.4,,1008.3,
2019-10-15,14.2,12.7,18.1,3,,228,10.3,,1008.1,
2019-10-16,13.9,11,17,1.5,,205,16.6,,1009.9,
2019-10-17,14.2,11.9,16.6,4.1,,210,11.2,,1010.4,
2019-10-18,13.9,10.6,17.3,3.6,,222,15.5,,1008.6,
2019-10-19,13.1,12.1,15,0.8,,213,8.9,,1005.8,
2019-10-20,11.7,10.6,13,4.3,,49,11,,1006.4,
2019-10-21,11.8,10.4,15,11.2,,255,9.7,,1015.7,
2019-10-22,10.6,7.4,14.2,0,,105,6.2,,1023.5,
2019-10-23,12.9,10.8,14.6,0,,88,8.6,,1013.1,
2019-10-24,13.9,11.7,17.3,0.5,,200,10.6,,1008.9,
2019-10-25,13.2,10.2,17,0.3,,206,10.3,,1019.7,
2019-10-26,14.7,10.7,20.1,0.3,,197,12.4,,1016.8,
2019-10-27,10.8,7.7,15.9,2.5,,37,12.3,,1021,
2019-10-28,9.9,7.4,13.3,7.6,,62,13.6,,1021.8,
2019-10-29,9.9,8.1,11.8,0.3,,73,11.7,,1021.2,
2019-10-30,9.6,8.3,11.4,0.5,,91,9.4,,1022.1,
2019-10-31,10.6,8.8,12.8,0.3,,85,7.8,,1017.8,
2019-11-01,13.6,10.9,16,2.8,,208,11.2,,1006.6,
2019-11-02,13.5,11.1,15.9,6.6,,225,17.5,,993.3,
2019-11-03,11.6,10.7,13.3,2.3,,224,13.2,,985.3,
2019-11-04,11.1,9.3,15.1,6.6,,222,15.2,,990.2,
2019-11-05,9.8,7.6,13.1,0,,232,8.2,,996.5,
2019-11-06,10.3,9,13.1,0.3,,263,8.3,,1004.5,
2019-11-07,8.9,,,6.9,,,,,,
2019-11-08,6.8,4.1,10.5,0.5,,106,7.5,,1005.3,
2019-11-09,6.5,4.3,9.8,0,,228,9.5,,1009.6,
2019-11-10,6.4,5.6,7.6,1.8,,133,6.5,,1009.1,
2019-11-11,6.2,4.5,8.9,0.5,,232,12.4,,1008.7,
2019-11-12,5.3,3.3,9.1,2.5,,241,10.9,,1005.1,
2019-11-13,7.3,3.3,11.1,6.4,,251,10.9,,1002.9,
2019-11-14,6.1,4.9,7.8,4.8,,169,11,,997.7,
2019-11-15,3.4,0.8,6.8,3.8,,71,11.1,,999.1,
2019-11-16,5.5,1,6.7,17,,160,10.7,,1005.7,
2019-11-17,6.7,5.5,9.2,0,,67,8.6,,1010.2,
2019-11-18,6.9,5.3,8.4,0,,314,10.3,,1013.3,
2019-11-19,6.6,3.8,9.9,1.5,,240,5.9,,1018.5,
2019-11-20,3.5,0.7,7.5,0,,131,9.9,,1013.6,
2019-11-21,5.7,0.8,10.6,0,,160,10.2,,1005.2,
2019-11-22,8.9,5.3,11.8,0.5,,156,14.6,,998.9,
2019-11-23,9.6,8.7,11.8,3.3,,144,11.7,,993.1,
2019-11-24,9.2,7.1,12.4,2.3,,204,6.9,,1006.3,
2019-11-25,10.2,7.9,13.9,0,,186,11.6,,1007.5,
2019-11-26,11.6,10.6,13,0.3,,199,11.9,,1002.7,
2019-11-27,11.3,10.3,12.3,12.2,,217,18.6,,992.1,
2019-11-28,11.2,10.3,12.5,1.3,,245,15.5,,999.4,
2019-11-29,9.2,8.4,11.3,0.3,,340,9.4,,1013.2,
2019-11-30,6.4,4.5,9.2,0.5,,111,12.6,,1019.9,
2019-12-01,3.9,3.3,6.3,2.3,,42,15.2,,1016.9,
2019-12-02,4.1,1.3,7.1,0.5,,15,11.8,,1028.7,
2019-12-03,4.1,2.5,6.2,0.3,,62,7.5,,1028.9,
2019-12-04,2.8,0.4,6.5,2.8,,105,6.4,,1021.3,
2019-12-05,0.5,-0.2,3.4,0,,256,6,,1023.7,
2019-12-06,4.1,-0.6,9.9,0,,209,11.5,,1017.4,
2019-12-07,10.2,7.9,11.8,2.5,,240,10,,1017.5,
2019-12-08,10.4,8.7,12.4,0,,237,17.4,,1010.2,
2019-12-09,8.1,6.2,10.5,12.2,,297,19.7,,1010.9,
2019-12-10,4.9,1.4,8.4,6.1,,205,11.6,,1024.9,
2019-12-11,7.1,5.8,8.5,2.3,,228,11.3,,1010.4,
2019-12-12,4.9,2.4,7.5,1,,213,15.3,,999.3,
2019-12-13,7.7,5.9,9.1,14.2,,264,18.9,,985.7,
2019-12-14,9.7,7.1,12.1,2.3,,243,18.2,,997.5,
2019-12-15,9.6,8,11.2,2.3,,224,14.9,,1003.5,
2019-12-16,9.4,8.2,11,4.6,,169,8.6,,1003.3,
2019-12-17,11.4,9,15.4,4.6,,211,11,,1002.1,
2019-12-18,8.5,5.3,11.3,0,,172,8.9,,1013.4,
2019-12-19,12.3,8.9,14.7,0,,172,11.3,,1004.2,
2019-12-20,10.8,8.4,14.4,12.7,,199,17.1,,988.4,
2019-12-21,8.8,7.1,11,2,,202,15.6,,987.9,
2019-12-22,9.4,8,10.8,6.1,,251,17.3,,989.2,
2019-12-23,9.5,7.9,10.8,0.5,,258,16.3,,1012.3,
2019-12-24,10.9,7.9,13.5,3.6,,242,15.8,,1015.2,
2019-12-25,8.8,5,11.6,0,,322,11.3,,1023.8,
2019-12-26,7.4,4.2,10.3,0,,189,11.2,,1023,
2019-12-27,9.8,9.1,11.6,8.6,,339,13.1,,1027.4,
2019-12-28,7.3,4.1,9.5,0,,106,8.5,,1037.4,
2019-12-29,3.1,1,6.2,0,,138,7.2,,1036.4,
2019-12-30,3,0.4,8.3,0,,172,5.4,,1033.3,
2019-12-31,1.8,-0.9,5.4,0,,167,6.3,,1032.4,
2020-01-01,2.4,-0.8,4.6,0,,162,7.8,,1031.4,
2020-01-02,7.3,4.3,9.2,1.3,,186,8.1,,1026.4,
2020-01-03,9.8,8.5,12.2,0.5,,249,15.7,,1024.8,
2020-01-04,7.3,4.3,11,0.3,,309,9.7,,1035.8,
2020-01-05,7.8,7.1,9.1,0,,265,5.4,,1036.3,
2020-01-06,4.7,1.6,8.3,0,,180,9.5,,1027.6,
2020-01-07,8.1,5.5,9.5,0,,214,9.7,,1028.7,
2020-01-08,11.8,8.8,12.4,0,,228,10.7,,1026.4,
2020-01-09,11.6,10.6,12.6,0.5,,209,17.4,,1016.4,
2020-01-10,8.5,7.2,11.1,4.3,,304,13,,1022.4,
2020-01-11,5.4,,8.8,0,,,,,,
2020-01-12,7,3.1,9.2,0,,210,12,,1026.6,
2020-01-13,8.4,6.6,,0,,,,,,
2020-01-14,10.7,9.5,12.4,0.3,,215,25.4,,1009.9,
2020-01-15,10.2,8,13.1,0,,218,15.4,,1014.9,
2020-01-16,9.2,4.8,13.9,1.3,,186,11.7,,1022.4,
2020-01-17,9.1,5.9,12.3,1.5,,238,15.1,,1019,
2020-01-18,5.5,2.8,9.3,0.8,,278,9.5,,1028.3,
2020-01-19,5.1,3.3,7.5,0,,19,14,,1039.8,
2020-01-20,3.6,2.3,6.4,0,,37,13,,1045.9,
2020-01-21,2.4,0.6,5.6,0,,60,9.1,,1041.3,
2020-01-22,1,-1.1,4,0,,36,9.6,,1036,
2020-01-23,1.3,-0.4,4.5,0,,45,11.5,,1029.8,
2020-01-24,1.1,-0.6,5.4,0,,84,6.9,,1024,
2020-01-25,2.9,-0.7,6.7,0,,131,4.3,,1020.9,
2020-01-26,6.1,2.4,8.7,0,,194,8.9,,1016.8,
2020-01-27,8.8,7.7,9.3,3.8,,216,18.2,,1007.8,
2020-01-28,6.9,5.5,8.9,6.1,,254,21.8,,1003,
2020-01-29,7.2,5.4,10,1.5,,253,14.3,,1013.9,
2020-01-30,8.8,4.1,13.4,0,,208,12.7,,1012,
2020-01-31,12.4,11.4,14.7,2.8,,237,13.8,,1013.6,
2020-02-01,12.7,11.4,14.4,3.8,,245,17.2,,1011,
2020-02-02,13.3,11.1,16.2,10.4,,242,13.8,,1014.2,
2020-02-03,12.1,8.2,13.8,11.7,,260,14,,1016.9,
2020-02-04,7.5,5.8,13.9,8.4,,309,18.9,,1023.2,
2020-02-05,7.7,4.8,10.1,0.5,,43,10.1,,1035.7,
2020-02-06,5.9,2.5,10.9,0,,102,8.3,,1031.5,
2020-02-07,6.7,2,11.8,0,,158,10,,1023.1,
2020-02-08,9.2,7.8,10.7,0,160,204,10,,1021,
2020-02-09,10.4,7.2,13.3,2.3,,217,26,,1012.3,
2020-02-10,10.6,7.2,14.3,2,,263,28.1,,1007.5,
2020-02-11,6.4,4.6,11.6,9.4,,270,19.4,,1015.7,
2020-02-12,6.6,4.1,10,0,,247,12.9,,1020.5,
2020-02-13,8.8,5,13.6,,,236,19.2,,1007.2,
2020-02-14,9.9,8.9,12.3,0,,241,11.6,,1021.6,
2020-02-15,10.2,6.4,14.2,0,,200,14.8,,1019.5,
2020-02-16,13.9,9,18.2,0.5,,226,28.1,,1010.1,
2020-02-17,9.2,6.6,16.4,0,,241,17,,1018.4,
2020-02-18,7.7,4,11.7,,,239,14.8,,1026.7,
2020-02-19,7.6,5.4,10.2,,,256,13.7,,1024.6,
2020-02-20,8.7,6.2,11.5,,,232,16.9,,1020.4,
2020-02-21,6.7,2.8,10.7,,,240,11,,1030,
2020-02-22,9.5,5.1,13.1,0,,230,14.6,,1028.2,
2020-02-23,11.7,9.8,13.8,0,,240,17.7,,1025.5,
2020-02-24,11.6,10.2,13.2,0.5,,239,17.6,,1019.6,
2020-02-25,8.3,4.9,12.5,4.1,,262,16.4,,1006.8,
2020-02-26,4.7,2.8,7.6,2,,281,17.8,,1007.5,
2020-02-27,5.8,3.6,11.8,6.4,,245,19.1,,,
2020-02-28,6.2,1.7,10.9,8.1,,208,13.7,,1015.1,
2020-02-29,9.1,6.5,13.3,0,,225,21.5,,997.9,
2020-03-01,6.1,2.3,9.5,5.1,,223,16.3,,997,
2020-03-02,6.9,4.2,9.3,21.1,,247,14.2,,992.6,
2020-03-03,5.7,2.1,9.4,4.8,,255,10.5,,1006.1,
2020-03-04,6.1,3.3,8.7,0,,210,10.5,,1011.5,
2020-03-05,9.1,7.2,12.9,5.1,,201,13.9,,992.5,
2020-03-06,7.6,6,10,15.2,,312,15.1,,1003.9,
2020-03-07,8.1,3.6,11.7,0,,264,8.7,,1020.2,
2020-03-08,8.9,7.7,11.3,0,,223,16,,1015.4,
2020-03-09,8.4,5.5,12.7,3.8,,269,14.1,,1017.3,
2020-03-10,12.1,7.3,15.2,3.3,,240,17.5,,1014.5,
2020-03-11,14.4,12.5,17.4,0,,231,17.5,,1017.1,
2020-03-12,11,7.6,15.4,1.5,,270,16.8,,1016.7,
2020-03-13,8.5,4.9,12.4,0,,,,,,
2020-03-14,9.4,6.9,11.9,,,,,,,
2020-03-15,11.6,7.4,17.1,0,,201,10.8,,1014,
2020-03-16,10.2,7.9,14.1,0,,4,8.5,,1020.1,
2020-03-17,11.8,9,15.7,0,,353,4.7,,1030.4,
2020-03-18,13.9,11,18.4,0,,222,4.5,,1028,
2020-03-19,14.7,8.6,20.9,0,,70,5.2,,1023,
2020-03-20,12.5,8.9,17.9,0,,34,14.3,,1021.8,
2020-03-21,7.8,6.5,10.6,0,,56,17.4,,1020.8,
2020-03-22,8.2,5.6,11.8,0,,86,18.4,,1021.3,
2020-03-23,6.9,2,12.1,0,,112,15.1,,1025.7,
2020-03-24,7.7,1.9,13.8,0,,102,12.4,,1026.3,
2020-03-25,7.5,1.8,13.4,0,,75,13.3,,1022,
2020-03-26,7.3,3.4,11.7,0,,60,16.1,,1018.2,
2020-03-27,8.9,4,13.9,0,170,19,12.3,,1018.3,
2020-03-28,10.6,5.7,17.5,0,,12,14.8,,1020.4,
2020-03-29,6.4,4.6,14.1,0,,34,25.8,,1027.9,
2020-03-30,5.3,0.1,10.6,0,,47,21.8,,1029,
2020-03-31,7.6,3,12.7,0,,53,16,,1026.5,
2020-04-01,8.1,2.1,14.1,0,,42,11.3,,1021.4,
2020-04-02,7.3,3,11.4,0,,0,11.5,,1017.3,
2020-04-03,10.8,7.2,14.9,0,,313,7.7,,1018.4,
2020-04-04,12.3,6.2,17.9,0,,100,9.7,,1021,
2020-04-05,15.1,7.2,23.2,0,,154,10.7,,1016.9,
2020-04-06,12.7,10,20.3,0,,206,10.9,,1019.8,
2020-04-07,16.9,10.9,24.1,2.5,,76,8.6,,1027,
2020-04-08,17.9,11.1,25.6,0,,160,5.1,,1023.4,
2020-04-09,18.8,11.3,27.1,0,,92,4.9,,1022.6,
2020-04-10,19.1,12.2,26.4,0,,56,6.9,,1022.5,
2020-04-11,19.2,13.8,26,0,,29,5.5,,1021.6,
2020-04-12,18.4,13.7,26,0,,111,7.9,,1016,
2020-04-13,13.5,9.4,20.1,1.3,,34,17.6,,1016.5,
2020-04-14,9,3.6,14.5,0,,57,17.3,,1025.2,
2020-04-15,12.9,5.6,20.7,0,,94,10.9,,1020.8,
2020-04-16,17.1,8.5,24.6,0,,184,7.4,,1015.7,
2020-04-17,18.9,13.6,24.9,0,,176,7.4,,1013.6,
2020-04-18,18.2,14.7,24.1,0,,222,9.1,,1015,
2020-04-19,15.9,12.5,21.2,0.5,,42,14,,1015.6,
2020-04-20,16.3,10.9,22.6,0,,60,14.4,,1010.9,
2020-04-21,16.1,11,21.6,0,,65,12.1,,1010.5,
2020-04-22,17.7,11.4,23,0,,57,10.3,,1014.1,
2020-04-23,19.3,11.4,26.1,0,,20,5.4,,1017,
2020-04-24,18.8,14.3,24.7,0,,331,7.1,,1014.3,
2020-04-25,16.5,12.6,21.5,0,,48,11.3,,1012.2,
2020-04-26,15.1,7.9,21.8,0,,26,8.3,,1011.3,
2020-04-27,16.4,9.7,25.6,0,,196,7.6,,1007.9,
2020-04-28,14.8,12.2,19.2,3.3,,237,12.3,,1005.3,
2020-04-29,12.3,10.3,16.9,3.6,,222,13.3,,1007.3,
2020-04-30,11.1,8.7,15,9.4,,224,13.9,,1002.9,
2020-05-01,12.6,8.9,18,8.9,,253,14.3,,1004.2,
2020-05-02,12.8,7.7,17.9,0.5,,293,9.9,,1012.5,
2020-05-03,14.8,10.7,21.2,0,,145,7.6,,1016.6,
2020-05-04,15.7,12.5,20.6,0,,18,8.9,,1017.1,
2020-05-05,13.2,10.9,17.2,0,,73,11.9,,1016.4,
2020-05-06,16.7,12.2,21.9,1.8,,62,9.4,,1021.7,
2020-05-07,17,9.6,23.4,0,,103,6,,1022.4,
2020-05-08,18.7,11.7,25.6,0,,53,6.8,,1016.7,
2020-05-09,18.9,16.7,24.7,0,,138,6.6,,1010.8,
2020-05-10,17.1,13.9,23.4,35.6,,131,8,,1005,
2020-05-11,10.1,6.3,18.7,15.2,,35,26,,1009.5,
2020-05-12,10.3,5.1,15.5,0,,51,14.8,,1018.1,
2020-05-13,11.6,6.6,17.1,0,,44,17.8,,1012.6,
2020-05-14,11.1,5.5,16.4,0,,41,19,,1016.4,
2020-05-15,12.7,5.9,18.8,0,,36,16,,1020.2,
2020-05-16,14.5,7.6,20,0,,20,11.2,,1023.2,
2020-05-17,15.7,8.9,21.5,0,,2,8.4,,1025,
2020-05-18,17.4,11.5,24.2,0,,354,8.4,,1025.4,
2020-05-19,18.5,11.6,25.1,0,,2,9.7,,1023.6,
2020-05-20,21.5,13.8,28.7,0,,41,8.7,,1021.4,
2020-05-21,23.6,16.3,30.5,0,,141,5.4,,1020.1,
2020-05-22,20.7,17.5,28.5,0,,249,10.6,,1019.7,
2020-05-23,16.4,11.9,20.3,3.6,,307,12.4,,1026.7,
2020-05-24,15.6,10.4,20.9,0.5,,320,10.9,,1032.7,
2020-05-25,18.6,11.9,24.6,0,,47,9.3,,1033.6,
2020-05-26,20.7,14.1,26,0,,47,11.7,,1033.8,
2020-05-27,21.1,15,26.6,0,,38,12.1,,1032.5,
2020-05-28,19.4,12.6,25.3,0,,45,14.3,,1029.6,
2020-05-29,20.1,13.8,25.6,0,,70,13.6,,1024.1,
2020-05-30,20.6,13.4,26.1,0,,73,10.6,,1020,
2020-05-31,19.9,14.8,24.4,0,,95,12.5,,1018.8,
2020-06-01,21.7,14.1,27.7,0,,79,9.7,,1018,
2020-06-02,24.1,16.4,30.4,0,,38,8.1,,1015.7,
2020-06-03,21.2,15.5,28.4,0,,33,11.1,,1005.9,
2020-06-04,13.8,12.4,23.9,28.7,160,0,11.8,,1001.2,
2020-06-05,13.7,11.4,18,3.3,,266,14.9,,1001.1,
2020-06-06,14.5,11.1,18.7,1.5,,269,14.2,,1004,
2020-06-07,14.7,10,20.5,0,,288,8.4,,1009.4,
2020-06-08,14.8,11.7,19.5,0,,18,12.1,,1015.4,
2020-06-09,14.7,11.6,20.1,0,,19,13.2,,1018.7,
2020-06-10,15.4,10.7,20.9,0,,323,7.2,,1016.2,
2020-06-11,17.4,12.4,24.2,0.5,,121,8.1,,1008.6,
2020-06-12,16.7,13.9,21.5,8.1,10,137,12.1,,1003.4,
2020-06-13,18.6,13,24.9,1.3,,182,10.4,,1009.3,
2020-06-14,17.8,13.2,23.3,0,,218,9.8,,1016.1,
2020-06-15,17.9,13.8,22.5,0,,214,10.5,,1017.9,
2020-06-16,18.2,14.5,23.8,0,,209,9.4,,1015.8,
2020-06-17,17.7,14.1,21.6,0,,206,6.9,,1012.9,
2020-06-18,17.7,14.2,22.3,0,,222,11,,1012.3,
2020-06-19,17.4,13,21.1,0.5,,231,9.2,,1017.7,
2020-06-20,20.1,15.9,25,0,,255,6.4,,1021,
2020-06-21,18,14.7,23.8,0,,235,10.9,,1021.2,
2020-06-22,18.9,12.9,25.2,1.5,,4,7.2,,1026.2,
2020-06-23,23.6,15.3,30.3,0,,84,8.3,,1023,
2020-06-24,26.6,17.9,33.4,0,160,106,10.4,,1018,
2020-06-25,27.9,20.2,35.2,0,,109,8.5,,1013.9,
2020-06-26,25.6,20.9,31.8,0,,217,11.7,,1010.7,
2020-06-27,20.7,18.3,29.1,0.5,,228,15.2,,1011.5,
2020-06-28,19.4,16.2,24.1,1,,243,14.9,,1014.9,
2020-06-29,18.6,15,23.5,0,,274,12.7,,1015.4,
2020-06-30,19.6,16,22.3,0,,237,13.7,,1012.9,
2020-07-01,20.6,18,23.6,0,,234,13,,1009.8,
2020-07-02,18.5,15.1,22.1,2,,277,11.8,,1014.1,
2020-07-03,18.4,13.6,23,0,,281,10.1,,1020.1,
2020-07-04,19.6,14.6,24,0.3,,242,15.2,,1019.1,
2020-07-05,20.7,18.5,24.4,0,,254,14.6,,1017.2,
2020-07-06,17.1,12.4,23.6,0,,309,12.9,,1021,
2020-07-07,19.1,12.4,25.3,0,,327,7.9,,1021.8,
2020-07-08,21.6,14,27.8,0,,297,10.1,,1018.1,
2020-07-09,24.4,16.9,31.7,0,,267,10.2,,1015.2,
2020-07-10,19.4,17.4,30.3,0,,313,13.2,,1016.3,
2020-07-11,18.7,13.2,24.6,0,,6,11.1,,1024.6,
2020-07-12,19.8,12.8,26.5,0,,35,12.1,,1025.8,
2020-07-13,21.3,14.8,27.8,0,,7,12.1,,1022.7,
2020-07-14,19.6,16.6,25.7,0,,321,9.7,,1017.6,
2020-07-15,19.1,16.3,22.4,0,,339,9.6,,1016.1,
2020-07-16,18.3,15.6,20.9,0,,319,10.3,,1020.1,
2020-07-17,21.2,15.7,27.3,0,,25,6.7,,1021.6,
2020-07-18,22.4,16.8,29,0,,347,7.8,,1019.2,
2020-07-19,23.4,16.2,31,0,,8,8.1,,1016.5,
2020-07-20,20.9,16.8,29,0,,34,15.9,,1018.8,
2020-07-21,20.4,14.3,26.6,0,,52,14.3,,1022.9,
2020-07-22,20.2,13.6,25.8,0,10,35,11.7,,1022.5,
2020-07-23,22.2,14.9,28.8,0,,32,7,,1017.7,
2020-07-24,21.2,17.6,26.1,0,,321,9.2,,1015,
2020-07-25,21.8,17.2,27.5,0,,237,11.1,,1012.8,
2020-07-26,20.8,16.1,25.9,6.4,,266,10.9,,1013.6,
2020-07-27,24.1,15.7,32,0,,202,14.5,,1012.7,
2020-07-28,20.7,18,29.6,0,,307,13.2,,1015.7,
2020-07-29,20.6,14.4,27.1,0,,314,7.1,,1020.5,
2020-07-30,24.7,15,33.2,0,,78,8.1,,1018.2,
2020-07-31,28.8,20.8,39.3,0,,168,8,,1013.2,
2020-08-01,23.7,19.5,31.4,0,,338,10.9,,1016.2,
2020-08-02,20.3,16.8,26.3,0,,337,12.9,,1017.8,
2020-08-03,18.5,15.6,23.3,0,,322,12.2,,1015.8,
2020-08-04,20.1,13.9,26.6,0,,300,7.1,,1017.8,
2020-08-05,23.6,13.8,31.4,0,,211,8.3,,1016,
2020-08-06,26.8,17.1,35.1,0,,110,5.7,,1016.8,
2020-08-07,29.3,21,37.1,0,,127,6.9,,1017.3,
2020-08-08,30.3,22.8,37.8,0,,69,5.7,,1017.1,
2020-08-09,31,24.3,39.1,0,,134,8.1,,1014.2,
2020-08-10,28.7,22.7,36.5,0,,123,6.9,,1012.9,
2020-08-11,27.7,22.9,36.8,0,,115,6.7,,1013.3,
2020-08-12,27.4,22.1,36.4,2,,126,7.3,,1012.2,
2020-08-13,23.1,19.5,28.7,14.7,,201,10.9,,1012.3,
2020-08-14,21.7,18.9,27.1,6.1,,250,8.7,,1014.1,
2020-08-15,22.8,18.9,28.5,0,,317,5.5,,1014.5,
2020-08-16,21.7,17.7,27.6,0,,231,8.1,,1010.7,
2020-08-17,20,17,24.3,7.6,,222,8.7,,1010.5,
2020-08-18,21.4,16.6,27,5.1,,230,7.2,,1011.7,
2020-08-19,21.6,17.4,26,0,,190,10.4,,1008.1,
2020-08-20,25.7,20.3,31.6,0.5,,183,8.9,,1005.4,
2020-08-21,24.3,20.4,29.2,2.3,,225,13.3,,1009.6,
2020-08-22,21.3,16.9,26.8,0,,252,15.1,,1017.6,
2020-08-23,18.9,15.5,23.1,0,,287,11.7,,1020.3,
2020-08-24,18.3,14.3,22.9,0,,279,8.4,,1019,
2020-08-25,22.3,15.6,29.4,,,,,,,
2020-08-26,19.7,16.2,25.3,0,,274,15.2,,1016.3,
2020-08-27,20,14.3,26.6,0,,211,10.5,,1015,
2020-08-28,17.3,15.1,23.8,0.5,,251,12,,1004.9,
2020-08-29,15.1,12.3,18.2,1.3,,277,11.6,,1005.9,
2020-08-30,16.4,13.1,21.6,1.8,,347,13.9,,1012.2,
2020-08-31,16.4,13.4,20.5,0.5,,355,9.8,,1020.1,
2020-09-01,16.4,11.7,22.1,0,,5,8.5,,1019.1,
2020-09-02,17.2,11.3,22.4,0,,12,7.6,,1019.6,
2020-09-03,21.8,14.9,27.7,0,,224,9.1,,1020.7,
2020-09-04,23.1,18.1,29.3,0,,267,8.8,,1021.5,
2020-09-05,17.5,15.6,24.8,0.3,,342,13.1,,1021.4,
2020-09-06,15.7,12.2,20.1,0,,306,7.1,,1021.8,
2020-09-07,17.6,12.2,22.8,0.3,,338,6.9,,1024.8,
2020-09-08,20.4,15,26,0,,300,6.2,,1026.7,
2020-09-09,22.4,19.3,26.9,0,,334,9.1,,1023.6,
2020-09-10,21,16.9,26.2,0,,28,8.2,,1020.8,
2020-09-11,20.9,15.9,26.1,0,,358,7.1,,1016.9,
2020-09-12,18,14.3,23.6,0,10,349,8.9,,1021.1,
2020-09-13,20.4,13.7,28.6,0,,98,5.2,,1024.9,
2020-09-14,23.9,15.2,33.5,0,,120,5,,1021.2,
2020-09-15,25.6,18,34.3,0,,180,6.7,,1018.2,
2020-09-16,24.3,18.7,31.4,0,,343,8.9,,1019.2,
2020-09-17,20.7,17.2,28,0,,45,16.5,,1022.3,
2020-09-18,21,14.3,27.5,0,,60,11.3,,1017.6,
2020-09-19,23.2,19.6,29,0,,134,9.6,,1012.9,
2020-09-20,22.3,17.2,28,2.3,,119,5.8,,1014.2,
2020-09-21,20.2,15.2,26.3,0,,12,10.2,,1015.2,
2020-09-22,19.5,13.2,26,0,,309,6.4,,1011.5,
2020-09-23,17.9,15.9,22.5,0,,224,11.1,,1006.3,
2020-09-24,13.3,10.7,17.9,9.4,,227,14.1,,1003.6,
2020-09-25,11.3,8.7,13.7,7.6,,270,15.7,,1002.4,
2020-09-26,11.4,8.8,15,6.4,,308,17.4,,1008.7,
2020-09-27,12.3,10.3,14.6,5.8,,326,20.1,,1006,
2020-09-28,13.4,12.2,15.5,13.2,,315,12.3,,1012.3,
2020-09-29,15.8,13.2,17.8,3.8,,243,5.9,,1017.7,
2020-09-30,16.4,14.6,19.8,0.5,,208,9.1,,1013.8,
2020-10-01,13.9,11.3,16.8,3.3,,215,12.3,,1002.3,
2020-10-02,12.6,11,14.6,14.5,,174,10,,987.9,
2020-10-03,11.8,8.6,14.9,18.3,,187,8.7,,988.4,
2020-10-04,11.6,8.9,15.4,1,,223,15.3,,992.7,
2020-10-05,12.3,10.5,14,6.9,,235,15.9,,1000.8,
2020-10-06,13.4,11.9,16.3,7.9,,243,17.3,,1005.6,
2020-10-07,14.3,12,17.6,1,,262,13.4,,1015.8,
2020-10-08,16.4,13.7,18.9,0,,228,14.2,,1018.9,
2020-10-09,14.8,13.3,17.8,2.8,,278,10.1,,1020.1,
2020-10-10,11.9,10.1,14.9,1.5,,298,10.8,,1024.3,
2020-10-11,11.2,9.7,14,1.5,,330,11.4,,1023.7,
2020-10-12,10.8,7.8,14.2,0,,270,7.8,,1022.6,
2020-10-13,10.7,9.4,13.6,2.3,10,243,10.1,,1010.5,
2020-10-14,10.4,7.6,14.4,1.5,10,44,13,,1014.5,
2020-10-15,10.1,8.1,13.9,0.5,,28,15.3,,1019.3,
2020-10-16,10.7,9.2,15,0,,30,12.3,,1021.7,
2020-10-17,10.5,9,13.3,0,,40,7.1,,1021.1,
2020-10-18,10.2,6.4,15.3,0,,287,5.5,,1023.9,
2020-10-19,10,5.4,14.9,0,,169,8.9,,1019.6,
2020-10-20,12.9,9.8,14.6,0.5,10,179,13.7,,1008.9,
2020-10-21,16.5,12.9,21.2,11.2,,193,15.8,,1003.4,
2020-10-22,16.4,14,19.9,0.3,,202,9.7,,1011.8,
2020-10-23,15.5,13.4,18.8,0,,223,9.3,,1012.5,
2020-10-24,14.1,10.9,16,0,10,210,15.9,,1013.3,
2020-10-25,11.7,9.5,15.2,1.5,10,207,13.7,,1004.1,
2020-10-26,10.3,7,14.4,12.7,10,228,12.3,,1004.7,
2020-10-27,10.3,7.9,13.4,0.3,10,214,14.7,,1006.7,
2020-10-28,12.3,9.5,14.4,3.8,10,225,14.1,,1010.7,
2020-10-29,12.9,10.4,14.7,3,10,236,12.6,,1019.4,
2020-10-30,14.4,13.6,16.3,0,10,219,10.9,,1023.7,
2020-10-31,14.2,10.4,18,0,10,205,11,,1019.4,
2020-11-01,16.2,12.9,18.4,1.3,10,217,15.4,,1014.1,
2020-11-02,16.3,11.3,19.9,0.8,10,240,17.2,,1014.4,
2020-11-03,9.1,6.1,13.7,1.3,10,240,10.9,,1025.4,
2020-11-04,7.3,3.2,11.9,0.3,10,4,8.1,,1032.5,
2020-11-05,7.8,4.7,12.1,0,,56,11.4,,1036.6,
2020-11-06,8,3.7,13.7,0.3,,112,10.3,,1028,
2020-11-07,11.4,6.9,16.2,0,,146,6,,1020.8,
2020-11-08,13.7,10.8,17.8,0,,168,7.2,,1020.1,
2020-11-09,,,,,,,,,,
2020-11-10,,,,,,,,,,
2020-11-11,,,,,,,,,,
2020-11-12,11.1,,14.2,,,,,,,
2020-11-13,12.6,8,15.6,0,,196,10.9,,1017.5,
2020-11-14,13.8,10.4,17.6,0.5,,199,12.7,,1015.6,
2020-11-15,13.3,10.9,15.2,0,,213,19.4,,1007.6,
2020-11-16,11.3,,,4.3,,,,,,
2020-11-17,11.6,9.9,13.5,0,,208,9.3,,1026.9,
2020-11-18,11.2,6.5,15.9,0,,190,10,,1023.2,
2020-11-19,10.2,8.5,14.7,1,,293,14.8,,1028.2,
2020-11-20,7.2,5.5,10,2,,294,7.2,,1036.4,
2020-11-21,7,4.1,11.3,0,,211,8,,1033.6,
2020-11-22,7.7,4.6,11.2,0,,202,5.9,,1029.6,
2020-11-23,9.8,8.2,12.7,0.3,,207,5.5,,1029,
2020-11-24,7.1,5.6,10.5,1.3,,162,7.6,,1022.4,
2020-11-25,8,4.1,12.5,0,,163,8.1,,1016.9,
2020-11-26,7.5,4.3,11.8,0.3,,133,3.6,,1019.9,
2020-11-27,8.6,7.4,12,0,,113,5.2,,1017.4,
2020-11-28,7.2,4.9,11.8,0.3,,76,6.7,,1016.9,
2020-11-29,3.8,2.2,7.9,0.3,,42,9.8,,1023.5,
2020-11-30,3.6,1,5.8,0,,196,6.5,,1027.1,
2020-12-01,7.8,4.3,9.2,1,,334,15.7,,1021.1,
2020-12-02,7.6,6.6,8.6,0,,348,12.6,,1017.8,
2020-12-03,6.6,5.8,7.8,0.3,,207,15.1,,998.3,
2020-12-04,5.7,3.6,8.1,10.7,,215,17.2,,984,
2020-12-05,4.9,3,6.5,1.5,,181,15,,993.6,
2020-12-06,5,3.6,7,1.3,,93,7.7,,998.9,
2020-12-07,3.8,2.1,5.7,0,,150,7.3,,999.2,
2020-12-08,3.7,2.5,5.7,0,,357,9,,1003.1,
2020-12-09,2,-0.6,4.3,0,,199,8.7,,1010.4,
2020-12-10,5.3,3.1,7.8,0,,158,12.1,,1003.5,
2020-12-11,8.9,6,11.6,6.1,,218,10.7,,992.3,
2020-12-12,8.8,6.3,11,7.4,,282,10.4,,1000,
2020-12-13,6.2,3,8.9,2.3,,199,12.7,,1010.3,
2020-12-14,10.4,7.7,12.2,0.8,,192,11.5,,1007,
2020-12-15,9.9,7.4,12.3,7.1,,208,9.4,,1010.4,
2020-12-16,7.9,5.5,10.4,1.5,,172,11.3,,1013.6,
2020-12-17,9.2,7.2,10.8,2.8,,215,11.5,,1020.1,
2020-12-18,8.1,5.5,11.8,0.5,,178,10.9,,1020,
2020-12-19,9.1,6.3,11.6,0.3,,195,12,,1013.8,
2020-12-20,9.4,7.9,11.6,1.8,,209,10.8,,1019,
2020-12-21,10.3,7.7,13.5,6.1,,203,14.8,,1016.5,
2020-12-22,14.4,13.2,15.5,10.4,,227,16,,1016.6,
2020-12-23,12.2,9.7,14.9,17,,209,14.8,,1012,
2020-12-24,6.9,3.9,11,8.9,,322,18.9,,1015,
2020-12-25,4.6,3.5,6.4,2.3,,348,15.9,,1027.4,
2020-12-26,3.9,1.4,6,0,,245,11.7,,1025.8,
2020-12-27,5.7,4.2,7.5,,,217,23.7,,990.5,
2020-12-28,3.8,1.9,5.6,12.2,,212,14.2,,975.9,
2020-12-29,4,1.9,5,3,,239,10.1,,990.3,
2020-12-30,4.8,2.7,7.4,0.3,,258,11,,1004,
2020-12-31,4.6,2.5,6.2,3,,296,12.4,,1003.3,
2021-01-01,2.2,0.6,4.3,0.8,,346,7.6,,1010.8,
2021-01-02,2.2,-0.3,4.7,0,,310,5.3,,1014.9,
2021-01-03,3.4,2.7,4.5,0,,47,8.6,,1014.2,
2021-01-04,3.1,2.6,3.8,0,,53,12.6,,1013.6,
2021-01-05,3.1,2.8,3.6,0.3,,39,12.9,,1014.8,
2021-01-06,3.6,2.8,4.3,0,,23,10.8,,1016.4,
2021-01-07,3.3,2.8,4.4,0,,326,8.5,,1017.3,
2021-01-08,2.9,1.5,4.6,0.3,,324,6.4,,1018.6,
2021-01-09,1.4,-0.2,4.6,0,,42,12.1,,1023.4,
2021-01-10,1.4,-0.6,4.6,0,,26,10.1,,1025.7,
2021-01-11,3.2,0.5,5.3,0,,230,9.4,,1024,
2021-01-12,7.2,4.4,9.8,0.5,,275,14.4,,1017,
2021-01-13,8.2,5.8,10.1,5.1,,274,10.8,,1020.9,
2021-01-14,9.2,6.5,11.3,2.3,,284,16.6,,1016.8,
2021-01-15,2.2,1.2,10,2.3,,27,18.2,,1026.5,
2021-01-16,0.9,-0.2,3.5,0,10,203,9.6,,1025.8,
2021-01-17,5.9,1,7.9,11.4,10,306,10.4,,1023.8,
2021-01-18,5.1,2.6,8.2,0.5,,230,8.9,,1027,
2021-01-19,5.9,4.7,7.3,0,,213,15.1,,1016,
2021-01-20,9.7,5.3,12.9,2.8,,196,17.4,,1000.4,
2021-01-21,8.8,5.8,12.7,6.9,,220,23.4,,993,
2021-01-22,6.1,4.2,10.2,13.2,,250,9.7,,995.5,
2021-01-23,3.9,2.8,6.4,0.3,,241,13.8,,996.3,
2021-01-24,1.5,-0.6,3.8,4.6,,235,10.2,,1001,
2021-01-25,3.3,1.6,5.7,2.3,,305,14.6,,1008,
2021-01-26,2.9,1,4.7,0,,238,10.6,,1021.5,
2021-01-27,5.4,2.1,8.5,3.3,,218,9.9,,1015.7,
2021-01-28,11.8,8,14.3,8.1,,246,14.1,,1008.5,
2021-01-29,10.6,7.8,12.5,4.3,,266,18.9,,1004.7,
2021-01-30,10.2,7.2,13.6,8.4,,210,11.3,,997.8,
2021-01-31,8.5,6.5,10.8,6.6,,175,7.5,,995.8,
2021-02-01,9,7,10.2,6.9,,288,11.5,,995.7,
2021-02-02,11.7,6.8,15.3,2.5,,221,14.5,,1002.3,
2021-02-03,10.7,7.6,13.2,2.5,,232,17.3,,1001.5,
2021-02-04,8.4,5.4,11.6,6.9,,179,8.6,,1011.9,
2021-02-05,9.5,7,12.3,0,,200,7.5,,1011.3,
2021-02-06,8.3,7.6,10.8,2.3,,47,9.6,,1004.2,
2021-02-07,3.1,0.3,8.2,21.1,,323,12.2,,998.2,
2021-02-08,-0.4,-1.5,1.3,1.3,,0,9.7,,999.1,
2021-02-09,-1.8,-2.9,-0.7,0,,52,11.8,,1003.4,
2021-02-10,-3.4,-5.7,-0.6,1.8,20,35,17.1,,1010,
2021-02-11,-2.8,-6.4,1.7,0,,78,16.1,,1025,
2021-02-12,-2.2,-4.5,2.1,0,,70,19.1,,1026.1,
2021-02-13,-1.2,-4.8,0.6,0,10,102,15,,1032.5,
2021-02-14,-1,-4.6,1.6,0,,142,15.3,,1032.5,
2021-02-15,5.9,1.3,9,0.3,,189,12.5,,1026.2,
2021-02-16,8.8,6.2,11.9,0.5,,206,13.2,,1018.3,
2021-02-17,9.8,7.8,13.5,0,,209,13.8,,1018.8,
2021-02-18,8.3,6.4,10.6,0,,205,11.8,,1011.1,
2021-02-19,6.4,5.1,14.4,7.6,,187,13.5,,1015,
2021-02-20,11.8,6.7,17.5,0,,166,19.1,,1010.7,
2021-02-21,14.7,7.8,19.1,0,,162,14.1,,1011.6,
2021-02-22,12.8,10,15.4,0,,183,7.1,,1017.8,
2021-02-23,14.2,10.6,18.2,0,,197,11.5,,1029.1,
2021-02-24,13.9,9.7,20,0,,193,10.5,,1029.3,
2021-02-25,12.9,9,17.5,0.3,,222,9.7,,1027.7,
2021-02-26,9.5,7.2,15.2,1,,20,14.7,,1035,
2021-02-27,7.1,3.7,11.5,0.5,,45,14.4,,1038,
2021-02-28,7.2,3.5,11.6,0,,65,14.2,,1032.9,
2021-03-01,8.5,3.4,14.2,0,,86,8.8,,1029,
2021-03-02,10.6,4.8,17.2,0,,138,5.6,,1028.2,
2021-03-03,12.8,8.3,18.8,0,,214,6.9,,1028,
2021-03-04,9.9,6.9,14.5,0.3,,306,10.7,,1022.6,
2021-03-05,5.2,4.1,9,1,,47,17,,1026.9,
2021-03-06,4.9,0.9,9.7,0,,62,15.1,,1029.5,
2021-03-07,4.6,-0.1,10,0,,33,11,,1024.7,
2021-03-08,4.3,0.3,8.7,0,,33,11.7,,1022.8,
2021-03-09,7.4,2.5,12.2,0,,319,8.9,,1021.2,
2021-03-10,7.2,3,10.9,0,,214,14.8,,1017.8,
2021-03-11,10.7,7.1,15.2,1.3,,245,23.1,,1007.4,
2021-03-12,7.9,4.8,12.2,4.1,,237,16,,1012.2,
2021-03-13,8.1,4.9,12.4,5.3,,252,20.9,,1005,
2021-03-14,7.6,2.5,11.8,7.9,,286,15.8,,1016.3,
2021-03-15,8.9,7,11.2,2.3,,323,18.8,,1020.1,
2021-03-16,7.9,5.3,10.4,2.8,,296,10.1,,1027,
2021-03-17,7.5,6.1,10.5,2.3,,1,22.2,,1028.9,
2021-03-18,6.4,4.9,8.3,3,,359,14.2,,1026.2,
2021-03-19,6.2,4.1,9.2,3,,33,19.9,,1023,
2021-03-20,6.1,2.6,9.8,0,,25,14,,1029.3,
2021-03-21,7.7,4.6,12.2,0,,349,14.3,,1026.5,
2021-03-22,6.6,4.1,9.4,0,,41,12.9,,1027.2,
2021-03-23,8.4,2.7,14.9,0,,199,5.6,,1026.6,
2021-03-24,11.4,4.1,18.9,0,,210,9.2,,1023.3,
2021-03-25,10.3,8.5,15.1,1.5,,229,7.6,,1022.3,
2021-03-26,9.4,5,15.4,0.5,,221,13.9,,1018.4,
2021-03-27,8.7,4.5,13.8,2,,253,14.6,,1026,
2021-03-28,11.5,5.6,17.4,0,,213,11,,1029.6,
2021-03-29,14.7,6.1,23.4,0,,172,7.2,,1030.3,
2021-03-30,17.2,9.3,25.5,0,,155,6.6,,1028.2,
2021-03-31,17.9,10.4,26,0,,178,4.9,,1021.9,
2021-04-01,18.2,12.2,25.6,0,,41,8.4,,1019.7,
2021-04-02,10,6.4,20.7,0,,32,21.4,,1023.6,
2021-04-03,8.4,5.5,12.7,0,,39,20.5,,1027,
2021-04-04,8.3,3.4,13.7,0,,14,12.3,,1025.2,
2021-04-05,5.4,3.5,10.8,0,,324,12.8,,1017.8,
2021-04-06,3.8,0.6,7.8,0.5,,322,12.1,,1020,
2021-04-07,5.2,0,9.9,0.5,,309,11.3,,1024.1,
2021-04-08,8.5,4.6,13.4,0,,170,6.2,,1024.2,
2021-04-09,10.2,3.7,16.9,0,,209,8.9,,1015.3,
2021-04-10,10.5,7.8,14.9,14.5,,217,11,,1010.7,
2021-04-11,6.3,4.3,12,13.7,,13,16.3,,1014.7,
2021-04-12,6.8,2.3,12.1,0.5,,313,9.6,,1028.7,
2021-04-13,7,2.2,12.2,0.5,,43,12,,1032.3,
2021-04-14,7.7,3.1,12.5,0,,37,13.6,,1030.4,
2021-04-15,6.9,2.8,11.8,0,,39,14,,1029.2,
2021-04-16,7.5,3.1,11.4,0,,37,14.4,,1027.3,
2021-04-17,9.5,4.5,14.9,0,,25,15.8,,1025.1,
2021-04-18,9.4,4.5,15,0,,14,11.1,,1023.4,
2021-04-19,11.1,5.7,15.2,0,,4,7.3,,1020.9,
2021-04-20,13.7,8.3,19.6,0,,58,6.1,,1016.7,
2021-04-21,13.9,8.7,20.4,0.3,,41,10.3,,1016.8,
2021-04-22,12.3,6.3,18.3,0,,45,15.2,,1022.5,
2021-04-23,13.8,7.4,20.1,0,,74,12.6,,1025.4,
2021-04-24,14.1,7.3,21,0,,51,12.7,,1022.9,
2021-04-25,12.4,7.6,18.1,0,,50,18,,1021.9,
2021-04-26,12.7,5.8,19.6,0,,51,16.6,,1015.8,
2021-04-27,13.4,6.3,20.1,0,,32,10.5,,1008.3,
2021-04-28,13.9,8.1,20.8,0,,157,8.9,,1003.3,
2021-04-29,10.5,7.4,14.4,0.8,,335,10.8,,1008.8,
2021-04-30,10.8,8,14.6,0,,69,9.2,,1013.5,
2021-05-01,9.7,8.3,12.6,0,,49,8.5,,1014.7,
2021-05-02,9.3,5.8,14.5,0.8,,312,7,,1020.6,
2021-05-03,12.2,5.5,18.4,0.3,,222,11.2,,1019.9,
2021-05-04,12,9.5,16.3,0.3,,254,18.7,,1007.8,
2021-05-05,9.1,6.1,13.8,0,,277,13.7,,1011.7,
2021-05-06,8.7,7,10.9,0.8,,267,8.3,,1008.4,
2021-05-07,10.7,5.4,16.5,7.6,,287,7.9,,1016.5,
2021-05-08,15.5,9.3,22.4,0,,195,12.9,,1012.6,
2021-05-09,19.3,13.4,28.1,0.3,,192,13.2,,1001.8,
2021-05-10,15.3,12,20.3,5.3,,210,14.3,,1005,
2021-05-11,13.1,9.5,17.3,0,,220,9.1,,1009.9,
2021-05-12,12.4,7.3,16.2,0.5,,198,10.1,,1011.9,
2021-05-13,12.4,8.3,17.9,5.1,,218,10.7,,1007.7,
2021-05-14,11.3,8.8,14.2,0,,243,10.1,,1008.7,
2021-05-15,12.1,9.4,17,6.1,,229,12.5,,1005.5,
2021-05-16,12.2,9,17.8,8.1,,233,13.3,,1003.8,
2021-05-17,12.9,10.5,16.6,3,,262,13.5,,1008.5,
2021-05-18,12.7,10.1,17,1.8,,278,10.9,,1016,
2021-05-19,12.4,9.9,16,1,,274,11.2,,1019.4,
2021-05-20,13.5,7.7,17.9,4.1,,231,13.2,,1020.4,
2021-05-21,13.8,11.2,19.2,0,,240,17.2,,1009,
2021-05-22,12.2,10.1,16.7,0.5,,239,17.7,,1008.8,
2021-05-23,13.3,8.7,18.6,2.5,,229,13.8,,1014.7,
2021-05-24,11.4,9.2,17.3,3,,221,16.7,,1009.7,
2021-05-25,11.8,7.6,16.1,4.1,,260,15.7,,1018.4,
2021-05-26,12.6,9.9,16.1,8.9,,262,12.5,,1016.3,
2021-05-27,15.4,8.9,22,0.3,,321,5.7,,1020.5,
2021-05-28,17.5,11.3,23.8,0,,67,9.7,,1021.6,
2021-05-29,18.4,12,23.6,0,,56,9.9,,1023.1,
2021-05-30,18.7,12.9,24.2,0,,49,12.2,,1023.4,
2021-05-31,20,14.5,25.1,0,,94,11.1,,1019,
2021-06-01,22.1,13.9,28.7,0,,97,9.1,,1012.8,
2021-06-02,22,16.8,27.9,0,,186,11.3,,1012.5,
2021-06-03,22,18,28.7,0,,196,7.7,,1018.7,
2021-06-04,18.1,15.9,23.2,30.7,,341,9.4,,1020.8,
2021-06-05,16.3,13.4,19.9,2.5,,343,12.3,,1024.3,
2021-06-06,18.3,12.3,24.1,0,,14,9.6,,1024.6,
2021-06-07,19.3,13.5,24.7,0,,13,8.9,,1023.3,
2021-06-08,20.6,15,26.3,0,,6,8.8,,1023,
2021-06-09,22.3,15.7,28.3,0,,25,8,,1022.4,
2021-06-10,22.6,17.7,27.8,0,,354,8.6,,1021.6,
2021-06-11,22.1,16.5,26.6,0,,351,9.6,,1021,
2021-06-12,20.1,17.1,26.2,0,,349,9.9,,1023.3,
2021-06-13,21.6,15.5,27.4,0,,65,11.7,,1025.6,
2021-06-14,24.3,15.9,31.1,0,,25,7.3,,1020.4,
2021-06-15,24.6,18.2,30.1,0,,346,7.9,,1018.7,
2021-06-16,27.1,20.3,33.3,0,,154,7.8,,1012.4,
2021-06-17,23.1,19.4,29.8,13.5,,208,10.9,,1010.5,
2021-06-18,22.4,18.8,26.8,12.4,,182,12.9,,1011.8,
2021-06-19,21.1,18.2,26.8,1.5,,349,6.8,,1012.7,
2021-06-20,20.2,15.7,25.6,18,,173,8.4,,1008,
2021-06-21,20.5,16.9,25.9,1.5,,211,9.6,,1007.3,
2021-06-22,16.1,13.9,23.7,0,,41,11.3,,1013.2,
2021-06-23,14.7,13.4,16.6,16.5,,27,14,,1020.5,
2021-06-24,16.3,13,21.5,0,,349,9.6,,1021.6,
2021-06-25,16.9,11.2,21.4,0,,272,7.8,,1020,
2021-06-26,18.4,15.6,22,8.4,,124,6.9,,1017.2,
2021-06-27,19.9,17.4,24.5,1.5,,138,6.1,,1013.4,
2021-06-28,19.7,16.8,25.7,1.3,,217,7.7,,1013.6,
2021-06-29,16.3,13.4,22.7,0.5,,262,6.5,,1014,
2021-06-30,15.8,13.9,18.4,2.3,,323,11.3,,1016.2,
2021-07-01,18.4,13.6,23.7,1.5,,318,7.1,,1018.5,
2021-07-02,22.1,16,27.4,0,,183,5.3,,1017,
2021-07-03,20.9,18.3,25.3,0,,217,8.3,,1014.3,
2021-07-04,18.8,16.7,24,6.6,,234,9.7,,1011.1,
2021-07-05,18.7,14.7,22.7,3.3,,214,9,,1008.6,
2021-07-06,19.4,16.3,23.3,0,,226,16.4,,1007.6,
2021-07-07,19.1,14.8,23.8,0,,228,10.7,,1015,
2021-07-08,19.1,14.5,23.3,0,,285,8.7,,1021.1,
2021-07-09,19.2,15.7,22.3,0,,262,6,,1022.7,
2021-07-10,18,16.5,21.1,0,,236,6.6,,1017.2,
2021-07-11,19.4,15,24.4,0.5,,201,5.8,,1016.2,
2021-07-12,18.8,16.8,24.3,0,,173,7.4,,1009.9,
2021-07-13,17.3,16.7,19.3,5.3,,330,10,,1011.8,
2021-07-14,18,15.6,21.7,43.2,,339,16.8,,1015.9,
2021-07-15,20.3,16.7,24.9,0.3,,338,16.8,,1018.7,
2021-07-16,18.2,16.9,23.8,0,,23,15.1,,1023.4,
2021-07-17,19.7,14.2,26.4,0,,32,12,,1025.3,
2021-07-18,23.7,16.7,29.9,0,,40,15.7,,1022.7,
2021-07-19,25,18.6,30.3,0,,54,12.1,,1020.1,
2021-07-20,24.2,19.1,29.2,0,,81,9.7,,1019.5,
2021-07-21,24.8,19,30,0,,62,9,,1021.4,
2021-07-22,24.4,18.7,29.3,0,,62,11.4,,1020.8,
2021-07-23,24.6,18.1,30.3,0,,77,10.9,,1013.7,
2021-07-24,22.1,18.7,28.2,0,,227,11.1,,1008.5,
2021-07-25,19.7,17.7,24.3,0.3,,208,12.2,,1007.7,
2021-07-26,20.1,16.3,25,6.9,,261,9,,1011.7,
2021-07-27,18.2,17.8,23.1,3.3,,215,10.3,,1012.8,
2021-07-28,19.2,15.9,24,8.1,,245,12,,1013.1,
2021-07-29,18.7,14.5,23.4,0,,253,11.3,,1014.4,
2021-07-30,19,14.6,23.3,0,,237,13,,1010.6,
2021-07-31,18.7,14.7,23.4,0,,280,11.3,,1012.2,
2021-08-01,18.9,15.3,23.5,0,,300,9.4,,1012.7,
2021-08-02,18.2,14.9,23.6,1.5,,271,6.8,,1015,
2021-08-03,17.2,15.2,19.9,7.4,,284,7.9,,1013.9,
2021-08-04,17.1,12,20.9,0.5,,176,6.1,,1013,
2021-08-05,19.2,16.5,25,0.3,,235,10.7,,1009.3,
2021-08-06,19.1,16.5,23.8,0.5,,229,15.9,,1005.7,
2021-08-07,17.2,13.9,22.6,0,,223,14.2,,1004.3,
2021-08-08,17.6,13.5,23,7.4,,241,13.4,,1012.1,
2021-08-09,18.3,13.7,23.2,0,,226,11.6,,1017.1,
2021-08-10,20.4,16.5,24.5,3.3,,238,7.7,,1017.7,
2021-08-11,21.6,16.4,27.2,0.3,,15,5.6,,1019.3,
2021-08-12,23.9,17.2,30.5,0,,359,5.4,,1018.7,
2021-08-13,23,17.7,29.4,0,,340,8.5,,1022.3,
2021-08-14,23.1,16.2,31,0,,32,7.1,,1021.1,
2021-08-15,23.6,18.1,29.9,0,,323,9.3,,1015.2,
2021-08-16,18.7,17,25.3,0,,299,12.9,,1017.5,
2021-08-17,16.7,13.5,18.9,0.2,,287,9.1,,1021.9,
2021-08-18,18.2,15.9,20.9,0.2,,284,8.8,,1019.7,
2021-08-19,18,16.3,20.5,0.2,,253,8.5,,1017.3,
2021-08-20,19.3,14.7,24.7,0,,166,5.2,,1017.6,
2021-08-21,21,15.7,26.7,0.2,,192,9.3,,1016.5,
2021-08-22,19.1,16.2,21.9,0.4,,289,12.3,,1020.1,
2021-08-23,18.4,16.8,20.2,0.2,,2,13.5,,1023.9,
2021-08-24,19.3,15.1,23.6,0,,46,16.2,,1024,
2021-08-25,19.4,13.8,25.2,0,,47,13.6,,1021.1,
2021-08-26,17.5,13.9,21.6,0,,13,13.9,,1018.8,
2021-08-27,17.9,14.6,21.9,0,,28,12.9,,1019.9,
2021-08-28,17.4,13.3,21.8,0.2,,16,13.2,,1021.9,
2021-08-29,16.8,14.4,19.4,0.2,,26,12.7,,1022,
2021-08-30,18.3,15.3,22.3,0.5,,28,14.1,,1021,
2021-08-31,19.2,16.1,23.6,0.1,,38,14.7,,1024.3,
2021-09-01,18.2,14.7,23.5,0,,51,16.3,,1026.3,
2021-09-02,18.6,12.2,25.4,0,,56,12.4,,1023.3,
2021-09-03,21.1,14.4,28.4,0,,60,6.7,,1018.1,
2021-09-04,22.5,18.9,28.2,0,,56,5.9,,1015.5,
2021-09-05,22.8,18.3,29.6,1.1,,99,6.1,,1018.2,
2021-09-06,23.7,17.9,29.8,0,,87,6.5,,1022.1,
2021-09-07,23.6,17.3,29.7,0,,99,8.9,,1020.2,
2021-09-08,23.9,17.4,30.5,0,,154,8.6,,1012.6,
2021-09-09,22.2,19.9,26.6,3.2,,216,9.2,,1011.2,
2021-09-10,20.5,19,23.9,1.5,,240,9.9,,1013.8,
2021-09-11,18.7,15.4,22.1,0,,289,8.7,,1019.2,
2021-09-12,18.4,13.7,22.4,0,,10,5.6,,1019,
2021-09-13,19.9,13.9,25.9,0,,75,7.7,,1015.8,
2021-09-14,21,17.9,26.3,13.2,,176,8.1,,1011.7,
2021-09-15,19.5,18.5,20.8,12.1,,223,7.9,,1012.4,
2021-09-16,18.4,15.7,22.6,0,,34,7.3,,1018.2,
2021-09-17,17.8,13.3,23.5,0,,154,6.2,,1016.4,
2021-09-18,18.9,14.9,24,0.7,,131,6.7,,1014,
2021-09-19,18.7,15.5,22.5,2.1,,350,11,,1013.2,
2021-09-20,16.7,13.7,20.5,10.5,,328,9,,1019.9,
2021-09-21,15.2,11.6,18.3,0,,36,11.8,,1028.2,
2021-09-22,15.5,10.9,21.1,0,,48,6.5,,1027.9,
2021-09-23,16.6,11.8,22,0,,325,6.3,,1022.4,
2021-09-24,17,14,21.6,0,,246,5.9,,1019.2,
2021-09-25,17.7,12.6,24.2,0.2,,107,5.3,,1015.3,
2021-09-26,17.9,15.4,21.6,12.1,,207,8.7,,1015.3,
2021-09-27,16.2,13.3,18.5,3.5,,226,9.6,,1017,
2021-09-28,14,10.1,18.9,0,,198,8.1,,1021.9,
2021-09-29,14,11.4,15.9,0.9,,270,13,,1021.9,
2021-09-30,12.2,7.1,17,0,,224,8.8,,1027.2,
2021-10-01,12.6,8.7,17.4,4.6,,201,12.1,,1018.2,
2021-10-02,14.7,12.2,17.1,4,,202,15.2,,1008.1,
2021-10-03,14.9,12.3,17,18.1,,220,14.8,,1001.9,
2021-10-04,13.6,8.7,18.5,0.2,,203,11.9,,1015.2,
2021-10-05,13.5,11.8,16.5,8.7,,235,15.2,,1009.3,
2021-10-06,13.5,10.7,17.2,0,,284,13.8,,1020.9,
2021-10-07,13.2,9.4,18.8,0,,349,6.3,,1027.6,
2021-10-08,13.9,9.6,19.1,0,,41,10.4,,1028.1,
2021-10-09,13.6,9.8,18.6,0.2,,42,8.3,,1026.3,
2021-10-10,12.8,8.8,17.5,0,,23,8.9,,1027.3,
2021-10-11,13.7,11.5,16.1,0,,18,11.7,,1028.8,
2021-10-12,12.1,8.5,15.7,0.1,,325,8.7,,1025.5,
2021-10-13,11.6,8.2,14.6,0,,28,7.4,,1027.3,
2021-10-14,10.9,6.6,17,0.2,,192,4.7,,1026.9,
2021-10-15,12.3,8.1,17.5,0,,357,4.8,,1020.4,
2021-10-16,12.7,9.4,17.9,0.2,,77,5.8,,1021.5,
2021-10-17,11,6.2,16.6,0,,148,8,,1020.4,
2021-10-18,12.4,6.8,18.6,2,,181,8.9,,1021.4,
2021-10-19,17.9,14.9,23.7,5.6,,205,10.5,,1019.6,
2021-10-20,17.1,15,19.6,3.2,,208,17.2,,1008.9,
2021-10-21,12,8.1,14.2,14.7,,276,21.1,,1009.3,
2021-10-22,8.9,4.4,13.4,0,,268,7.8,,1023.2,
2021-10-23,11,8.5,14.9,0.2,,212,5.6,,1027.3,
2021-10-24,8.6,4,14.3,0,,178,8.2,,1022.9,
2021-10-25,10.5,6.9,14.4,3.2,,197,8.5,,1020.1,
2021-10-26,12,8.1,15.6,0,,226,9.3,,1023.7,
2021-10-27,11.5,8.2,16.3,0.2,,187,7.4,,1024.5,
2021-10-28,11.6,7,18.8,0.2,,177,11.3,,1015.7,
2021-10-29,12.1,9.7,14.7,5.5,,188,12,,1006.8,
2021-10-30,12.9,11.2,14.8,9.7,,202,10.7,,1002.2,
2021-10-31,12.2,9.6,17.5,2.5,,205,13.2,,1002.5,
2021-11-01,9.9,7.5,14.4,5.4,,216,11.3,,1002.1,
2021-11-02,9.5,8,12.3,0.8,,209,10.3,,1000.9,
2021-11-03,9.1,7.8,11.7,6.8,,352,10.4,,1001.7,
2021-11-04,8.4,5.9,10.7,4.4,,309,10.5,,1011.4,
2021-11-05,9.4,8,11.6,0,,340,9.5,,1025.5,
2021-11-06,7.4,3.3,11.4,0,,240,6.2,,1030.7,
2021-11-07,10.2,7.2,13,0.6,,276,10.1,,1023.6,
2021-11-08,8.9,6.1,12.7,0,,309,5.6,,1024.8,
2021-11-09,7.3,3.8,12.3,0,,141,4.6,,1026.3,
2021-11-10,5.4,2.6,9.7,0.2,,177,5.2,,1025.2,
2021-11-11,4.1,0.6,9.1,0,,176,4.9,,1025.2,
2021-11-12,6.5,2.5,12,0,,196,8.4,,1019.1,
2021-11-13,11.4,10.6,13.2,1.2,,278,9.5,,1016.3,
2021-11-14,10.9,8.8,12.6,1.6,,13,11.7,,1020.4,
2021-11-15,7.1,6.2,8.4,0,,23,12.8,,1024.7,
2021-11-16,7.5,6.5,8.3,0.4,,11,7,,1023.9,
2021-11-17,10.4,8.2,13.3,0.3,,301,7.1,,1024.9,
2021-11-18,8.2,6.2,12.3,0.2,,222,6.2,,1031.9,
2021-11-19,8.7,6.4,11.3,0,,170,5.7,,1032.7,
2021-11-20,7.5,6.4,9.1,0,,141,7,,1025.6,
2021-11-21,7.1,6.2,8.6,2.4,,329,10.2,,1015.7,
2021-11-22,5.7,3.8,7.8,0,,41,17.2,,1023.2,
2021-11-23,5,2.1,8.5,0,,48,14.4,,1028.8,
2021-11-24,4.6,2.7,6.2,0,,49,10.1,,1021.3,
2021-11-25,5.9,3,7.2,0.3,,17,10.7,,1013.6,
2021-11-26,5.7,3.8,6.9,2.9,,264,13,,1001.5,
2021-11-27,3.6,2,5.5,5.8,,278,14.8,,991.2,
2021-11-28,4.8,3,5.7,0.6,,332,20.7,,1002.1,
2021-11-29,3.7,2.2,6.2,0,,314,11.1,,1014.1,
2021-11-30,6.3,3.1,8.8,0.2,,240,14.4,,1018.1,
2021-12-01,9.1,6.9,11.1,3.4,,259,15.6,,1003.5,
2021-12-02,5.4,4,6.8,0.1,,333,15.5,,1009.4,
2021-12-03,3.8,2.3,7.6,7.3,,217,11.1,,1011.5,
2021-12-04,9.2,4.8,12.1,4.8,,270,15.7,,1001.3,
2021-12-05,5.1,3.3,6.5,4.3,,287,13.8,,1005,
2021-12-06,6.4,5.7,7.7,1.5,,269,12.5,,1013.1,
2021-12-07,5.8,3.3,8.1,2.2,,206,15.9,,1006.5,
2021-12-08,5.5,3.8,7.9,0,,237,12.4,,999.7,
2021-12-09,4.9,3,7.5,0.7,,230,11.7,,1006.2,
2021-12-10,6.9,5,8.3,15.2,,292,19.2,,998.6,
2021-12-11,5.7,3.3,7.7,0,,253,9.1,,1018.9,
2021-12-12,9,6.6,11.3,1.4,,208,8.4,,1025.8,
2021-12-13,8.2,6,9.7,0,,176,9.2,,1027.6,
2021-12-14,6.7,5.5,8.2,0,,232,5.5,,1030.2,
2021-12-15,8,7.1,9.4,0,,145,5.3,,1033.5,
2021-12-16,9.4,7.5,11.4,0,,63,6.8,,1037.3,
2021-12-17,7.7,5.9,9.4,0,,55,11.1,,1037.1,
2021-12-18,6.1,4,9.5,0,,42,10.5,,1036,
2021-12-19,5.5,4.9,6.4,0,,52,11.3,,1032.2,
2021-12-20,5.6,5.3,5.9,0,,81,11.8,,1026.9,
2021-12-21,2.5,0.2,4.5,0,,94,9.2,,1024.3,
2021-12-22,-0.7,-1.4,0.1,0,,157,10.9,,1022.6,
2021-12-23,4,-1.6,9.2,0,,193,8.6,,1014.3,
2021-12-24,9.1,8,10.3,8.5,,198,6.3,,1007.8,
2021-12-25,9.5,8.3,10.5,2.9,,198,4.3,,1004.4,
2021-12-26,9.6,8.7,11.4,2.9,,199,8.4,,1003.6,
2021-12-27,10.4,8.9,12.6,5.5,,203,12.1,,998.3,
2021-12-28,11.7,10.3,13.3,7,,254,17.3,,999.6,
2021-12-29,12.6,9.8,15.2,6.1,,238,12.8,,1010.8,
2021-12-30,13.9,11.5,15.2,0,,230,13.6,,1020.6,
2021-12-31,11.4,8.5,15.4,0.2,,217,8.6,,1023.3,
2022-01-01,10.6,8,14,0,,183,8.5,,1024.6,
2022-01-02,12,9.7,14.2,0.4,,216,14,,1018.9,
2022-01-03,11.7,10.8,12.9,8.2,,225,15.2,,1015.4,
2022-01-04,9,4.8,11.7,19.4,,276,13.5,,1002,
2022-01-05,4.6,2.4,6.7,0,,298,12,,1014.3,
2022-01-06,4,1.6,7.1,0,,251,8.1,,1021.5,
2022-01-07,5.6,3,8.3,7.2,,239,16.1,,1016.2,
2022-01-08,6.4,3.2,8.7,10.2,,240,16.4,,1009.2,
2022-01-09,5.4,4.6,7.3,7.1,,271,10.7,,1006.2,
2022-01-10,3.7,2.8,4.8,0,,151,6.8,,1020.5,
2022-01-11,1.8,0.4,3,0,,150,8.1,,1033.2,
2022-01-12,2.6,-0.1,5.5,0,,69,5.6,,1039.7,
2022-01-13,2.9,2.1,3.9,0,,31,7.9,,1041.1,
2022-01-14,3.8,1.6,7.2,0,,118,5.8,,1036,
2022-01-15,3,-0.3,7.9,0.2,,194,5.5,,1027.9,
2022-01-16,1.9,-0.9,5.4,0.8,,226,7.7,,1030.3,
2022-01-17,6.1,4.7,7.6,0,,294,5.4,,1037.5,
2022-01-18,5.4,2.3,9.6,0.2,,67,9.7,,1036.5,
2022-01-19,5.7,4.5,6.7,2.1,,255,8.7,,1028.9,
2022-01-20,5.4,3.9,7.1,0.2,,357,13.2,,1032.8,
2022-01-21,4.4,2.9,5.9,0,,2,12.6,,1038,
2022-01-22,5.5,4.9,6.3,0,,358,9,,1037.7,
2022-01-23,4.3,3.4,4.9,0,,86,9.3,,1035.4,
2022-01-24,3.5,0.7,7.3,0,,117,7.4,,1032.4,
2022-01-25,0.5,-1.2,2,0,,231,4.9,,1034.1,
2022-01-26,2.2,0.2,3.8,0,,339,6.6,,1035.5,
2022-01-27,4.9,2.6,7.4,0.4,,230,9.2,,1032.7,
2022-01-28,7,6.3,8.2,0.1,,243,7.5,,1037,
2022-01-29,8.7,6.3,10.7,0.3,,263,12,,1033.7,
2022-01-30,8.6,7,9.9,0,,321,8.2,,1031.5,
2022-01-31,7.2,4.7,8.5,0.9,,319,18.1,,1023.8,
2022-02-01,7.3,3.1,11,0.9,,275,13.7,,1025.5,
2022-02-02,10.4,9.2,11.4,0,,284,11.4,,1025.3,
2022-02-03,7.9,7.1,8.9,0,,236,10.4,,1020,
2022-02-04,7.7,5.5,11.3,1.4,,251,12.9,,1017.2,
2022-02-05,6.4,2,10.3,0,,258,11.2,,1025.4,
2022-02-06,9.2,7.4,11.2,7.9,,251,21.2,,1017,
2022-02-07,7.9,5.6,10,0.2,,296,11.9,,1027.6,
2022-02-08,8.6,5.7,11.3,0,,225,8,,1032.8,
2022-02-09,7.5,3.3,12.5,0,,194,6.3,,1027.4,
2022-02-10,7.5,5.4,10.3,1.3,,270,11,,1024.5,
2022-02-11,5.4,3.4,8.7,0,,305,7.5,,1032.6,
2022-02-12,4.4,0.7,9.1,0,,158,9.1,,1027.6,
2022-02-13,6.9,0.3,14.2,0,,190,14.2,,1012.3,
2022-02-14,9.5,6.9,12.2,5.5,,232,14.8,,1004.7,
2022-02-15,8,5,10.5,1.8,,250,15.6,,1014.7,
2022-02-16,12.4,9.2,15.6,5.3,,238,18.6,,1007.8,
2022-02-17,12.5,11,13.8,0.5,,268,17.7,,1014.4,
2022-02-18,10.7,7.2,12.4,3,,238,21.4,,1009.5,
2022-02-19,7.3,3.5,10.6,0,,250,18.5,,1018.8,
2022-02-20,10.9,8.4,13.4,0.3,,240,18.5,,1015.9,
2022-02-21,8.7,6.1,11.1,3.3,,291,21.4,,1014.8,
2022-02-22,9.3,6.3,12.4,0.4,,261,13.1,,1024.5,
2022-02-23,9.5,6.1,11.6,0,,247,7.4,,1025.8,
2022-02-24,8.4,4.8,12,2.4,,254,12.5,,1017.9,
2022-02-25,6.6,3.5,10.6,0.2,,307,12.3,,1028.3,
2022-02-26,6.1,2.6,10.3,0.2,,123,11.2,,1031.9,
2022-02-27,5.5,1.4,9.8,0,,132,12,,1026.9,
2022-02-28,6,1.1,11.6,0,,145,7.4,,1028.4,
2022-03-01,8.1,3.9,13,0,,154,6.6,,1026.5,
2022-03-02,9.1,6.5,12.8,0,,123,6,,1020.9,
2022-03-03,10,7.5,12.6,0.1,,201,6.2,,1016.8,
2022-03-04,10.2,8.7,12.6,0.1,,352,6.8,,1018.3,
2022-03-05,9.2,7.2,12.1,0,,26,9.1,,1019.7,
2022-03-06,5.6,2,9.1,0,,41,15.3,,1022.7,
2022-03-07,3.6,0.2,7.1,0,,84,14.6,,1021.8,
2022-03-08,6.1,0.2,13,0,,134,10.8,,1017.6,
2022-03-09,9.4,3.9,15.6,0,,179,9.8,,1020.5,
2022-03-10,11,5.6,17.2,0,,152,11.2,,1019.3,
2022-03-11,10,7.1,13.1,4.6,,173,12.6,,1011,
2022-03-12,8.5,6,10.6,2.3,,180,12.8,,1014.4,
2022-03-13,9,7.2,11.7,3.1,,180,14.1,,1011.7,
2022-03-14,9.6,4.4,15,0,,166,9,,1025.1,
2022-03-15,10.3,9.5,11.3,5.3,,127,7.1,,1022.7,
2022-03-16,11.4,9,14.5,0.2,,156,8.8,,1020,
2022-03-17,9,7.4,11.5,0.1,,5,16.3,,1030.9,
2022-03-18,9.8,4.5,15.7,0,,51,16.8,,1037.8,
2022-03-19,11.1,6,16.4,0,,84,15,,1032.7,
2022-03-20,8.7,3.9,13.4,0.9,,109,9.9,,1026.9,
2022-03-21,12.4,7.1,18.1,0.2,,141,8.2,,1028,
2022-03-22,13.1,8.3,18.5,0,,147,11,,1028.9,
2022-03-23,12.5,5.4,18.7,0,,137,7.4,,1029.6,
2022-03-24,14.5,8.5,20.9,0,,64,6.7,,1027.7,
2022-03-25,14.2,8.2,20,0,,45,11.9,,1027.6,
2022-03-26,13.9,8.3,19.9,0,,51,12.7,,1027.6,
2022-03-27,15,9.3,21.5,0,,63,8.5,,1027.4,
2022-03-28,15.6,9.6,21.8,0,,56,5.9,,1022,
2022-03-29,14.4,12,18.1,5.9,,53,8.1,,1010.1,
2022-03-30,11.2,9,13.5,10,,68,7.5,,1002.9,
2022-03-31,6.5,3.7,8.9,1.9,,7,19.1,,1001.8,
2022-04-01,2.5,1.4,3.9,3.3,,1,23.2,,1008.2,
2022-04-02,4.5,1.5,8.1,0,,22,21.7,,1017.7,
2022-04-03,5.5,1.6,9.1,0,,34,13.8,,1023.7,
2022-04-04,6.6,1.8,10.2,0,,271,12.9,,1020,
2022-04-05,10.3,8.1,13.1,1.6,,254,10.8,,1013.6,
2022-04-06,10.8,8.4,13.2,0,,245,14.8,,1007.7,
2022-04-07,12.4,10.1,14.9,1.9,,258,21.9,,998,
2022-04-08,6.5,2.2,9.7,36.9,,5,12.5,,1000.4,
2022-04-09,6.4,3,11.2,7.5,,308,9.6,,1015.6,
2022-04-10,8.7,2,14.7,0,,168,7,,1020.6,
2022-04-11,12.7,6.1,19.5,0,,129,12.3,,1011.5,
2022-04-12,16.1,11.1,21.6,0,,192,13.1,,1008.5,
2022-04-13,14.2,12.8,16.5,10.5,,221,5.1,,1017,
2022-04-14,16,11.4,21.2,0.2,,343,6.6,,1022.1,
2022-04-15,16.5,11.6,21.3,0,,11,8.4,,1025.5,
2022-04-16,15.4,10.3,20.2,0,,60,12.3,,1027.2,
2022-04-17,15.3,8.6,22.6,0,,108,9.8,,1023.1,
2022-04-18,15,9.1,19.8,0,,73,7.1,,1017,
2022-04-19,13.3,8.9,18.2,0.1,,348,12.5,,1014.6,
2022-04-20,14.3,8.9,20.4,0,,37,12.1,,1011.8,
2022-04-21,15.2,10.1,20.4,0,,69,11.6,,1008.2,
2022-04-22,15.4,10.4,19.9,0,,63,11.6,,1002.4,
2022-04-23,14.9,10.5,19.9,0.1,,65,11,,997.6,
2022-04-24,15.1,10.7,19,0.1,,17,11.5,,1002.2,
2022-04-25,13,9.6,16.8,0,,12,14,,1011.2,
2022-04-26,11.6,8.2,15.5,0,,29,11.6,,1018.4,
2022-04-27,13.1,6.4,19.7,0,,53,13.5,,1022.7,
2022-04-28,15.5,8.4,21.6,0,,57,12.4,,1025.6,
2022-04-29,15.4,11.5,20,0.1,,27,14.1,,1026.7,
2022-04-30,12.5,7.8,17.8,0,,25,15,,1026.4,
2022-05-01,12.6,7,18.3,0,,45,11.7,,1023,
2022-05-02,14.2,9.2,18.5,0,,28,11,,1018.5,
2022-05-03,14.8,10.3,20.1,0,,24,14.6,,1018,
2022-05-04,14.2,10.2,19.6,0,,0,10.9,,1019.5,
2022-05-05,14.7,10.8,18.1,0.2,,334,11.4,,1023.1,
2022-05-06,16.4,10.5,21.9,0,,4,8.8,,1025.8,
2022-05-07,16.6,11.7,22.3,1.4,,6,10.3,,1024.3,
2022-05-08,16.5,11.9,22.6,0,,32,13.5,,1024.9,
2022-05-09,19.2,11.5,26.5,0,,353,7.1,,1024,
2022-05-10,21.7,15.3,27.7,0,,224,11.7,,1018.6,
2022-05-11,20.2,14.1,25.3,0,,250,12.2,,1014.2,
2022-05-12,17,13,20,0,,298,8.9,,1019.9,
2022-05-13,16.6,11.5,21.6,0,,316,9.2,,1022.9,
2022-05-14,18.1,11.8,24.5,0,,80,6.8,,1021.5,
2022-05-15,21.8,14.8,29.6,2.6,,127,10.3,,1014.6,
2022-05-16,20,16.2,25.7,0.4,,234,9,,1017,
2022-05-17,23.2,16.6,28.9,0.6,,148,7,,1018.7,
2022-05-18,23.9,17.3,29.5,0,,47,10,,1019.3,
2022-05-19,22.9,20.3,25.7,2.4,,293,9.5,,1018.1,
2022-05-20,18.2,14.7,23.1,6.3,,4,10.7,,1019.7,
2022-05-21,18.2,12.2,25.5,0,,239,5.9,,1022.5,
2022-05-22,19.3,15.5,22.9,0,,81,8.1,,1014,
2022-05-23,16.9,14.1,18.8,11.8,,239,9.1,,1003.4,
2022-05-24,14.5,11.2,19,1,,261,12.4,,1009.3,
2022-05-25,15.4,10.5,19.7,0,,262,9.6,,1018.2,
2022-05-26,16.6,12.8,20.4,,,294,10.1,,1024.8,
2022-05-27,16.7,13.6,21.6,0.2,,304,10.3,,1025.4,
2022-05-28,16,11.3,20.2,0,,13,11.3,,1022.5,
2022-05-29,13.1,9,16.5,0,,33,14.2,,1016.9,
2022-05-30,14.1,8.6,19.8,0,,36,9.8,,1013.2,
2022-05-31,16.7,12.9,20.9,0.1,,329,7.9,,1013.3,
2022-06-01,16.8,11.3,21.8,0,,337,8.9,,1016.6,
2022-06-02,18.9,11.7,25.2,0,,68,11.1,,1017.9,
2022-06-03,19.1,15.1,23.1,1.7,,58,6.2,,1014.9,
2022-06-04,20,16.5,29.1,15.2,,70,8.1,,1015.4,
2022-06-05,18.6,15.3,21.5,3.1,,290,7.9,,1015.1,
2022-06-06,17.9,13.7,22,0,,260,9.8,,1017.6,
2022-06-07,18.7,15.9,23,3.8,,239,12,,1015,
2022-06-08,17.4,14.5,20.9,23.2,,265,12.2,,1010.3,
2022-06-09,17,12.8,21.5,0.2,,282,10.5,,1018.2,
2022-06-10,19.4,14.5,22.8,0,,233,9.5,,1022.5,
2022-06-11,21,16,26.1,0,,318,7.1,,1023,
2022-06-12,19.3,14.6,24.6,0,,0,12.3,,1023.9,
2022-06-13,18.3,12.9,23.6,0,,6,10.3,,1024,
2022-06-14,20.9,14.1,26.9,0,,88,8.9,,1020,
2022-06-15,24,16.6,30.9,0,,26,9.2,,1016.4,
2022-06-16,24.3,18.2,30,0,,20,9.1,,1020.7,
2022-06-17,27,19.1,34.4,0,,168,7.1,,1022,
2022-06-18,29.5,21.3,36.5,0,,163,7.6,,1014.8,
2022-06-19,20.9,15.4,28.2,2.1,,24,16.2,,1009.2,
2022-06-20,18.2,14.7,22.8,11.8,,47,12.6,,1014.2,
2022-06-21,21.1,15.1,26.8,0.8,,65,9,,1012.2,
2022-06-22,21,16.9,25.6,0.2,,60,9.9,,1010.3,
2022-06-23,23.2,18.6,28.4,0,,217,10.2,,1010,
2022-06-24,21.3,17.6,24.7,10.1,,231,12.4,,1008.5,
2022-06-25,17.6,15.3,19.4,11.2,,214,9.9,,1011.7,
2022-06-26,17.6,13.2,22.3,0,,210,8,,1015,
2022-06-27,19.3,15.3,24,0.2,,263,9.5,,1017.7,
2022-06-28,21.3,14.1,27.6,0,,208,8.1,,1019.2,
2022-06-29,21.4,15.7,26.7,0,,258,9.3,,1014.2,
2022-06-30,15.7,13.7,18.2,12.6,,232,8.3,,1014.5,
2022-07-01,16.8,11.9,21.8,0,,255,7.8,,1019.6,
2022-07-02,20.5,12.1,27.2,0,,212,7.3,,1020.4,
2022-07-03,19.8,15.3,24.3,0,,340,10.4,,1020.3,
2022-07-04,20.1,13.8,26.7,0,,346,9.2,,1021.6,
2022-07-05,19.8,13.9,25.8,0,,348,11.2,,1023.8,
2022-07-06,20.5,14.6,26,0,,352,10.4,,1026.4,
2022-07-07,19.2,16.4,21.7,0,,353,13.5,,1027.1,
2022-07-08,20.3,13,27.7,0,,43,11.6,,1031.3,
2022-07-09,23.2,17.4,29.6,0,,22,11.2,,1027.8,
2022-07-10,21.4,14.7,27.4,0,,56,14.4,,1025.9,
2022-07-11,24.4,18.2,30.4,0,,78,11.6,,1022.5,
2022-07-12,26.7,19.2,33.5,0,,98,6.1,,1022.8,
2022-07-13,28.5,21.2,36.6,0,,217,8.5,,1020.8,
2022-07-14,25.9,21.7,30.3,0,,344,11.5,,1019.3,
2022-07-15,22.1,16.3,27,0,,45,13.1,,1022.5,
2022-07-16,23.1,16.1,29.4,0,,34,10.3,,1023.3,
2022-07-17,25.2,18.2,32.4,0,,83,9.1,,1024.3,
2022-07-18,29.3,20.5,38.2,0,,132,6.4,,1020.3,
2022-07-19,31.5,23.5,40.4,0,,166,11.6,,1013.5,
2022-07-20,21.4,19,26.5,10.8,,219,9.8,,1018.3,
2022-07-21,21.9,17.8,27.5,0,,311,7.6,,1020.9,
2022-07-22,21.4,17.4,24.9,1.6,,45,9.3,,1018.4,
2022-07-23,21.8,19.1,27,0,,315,6.9,,1019.5,
2022-07-24,25.9,18.3,33.3,0,,161,8.3,,1017.2,
2022-07-25,23.7,20.1,27.3,0,,283,13.8,,1013.4,
2022-07-26,19.9,17.3,22.5,0,,315,9.9,,1018.8,
2022-07-27,20.5,14.8,26,0,,48,9.7,,1018.6,
2022-07-28,21.5,16.7,26.2,0,,33,8.3,,1015.4,
2022-07-29,23.6,17.4,29,0,,346,6.7,,1016.9,
2022-07-30,24.7,18.7,29.5,0,,356,7.8,,1019.1,
2022-07-31,23.2,19,28.3,0,,332,10.6,,1019.5,
2022-08-01,23,20.4,27.4,0,,315,7.7,,1018.8,
2022-08-02,24.7,18.8,31.3,0,,345,6.9,,1018.1,
2022-08-03,28.2,20.5,35.6,0,,148,6.6,,1014.4,
2022-08-04,24.3,21,28.2,0.2,,352,12.1,,1013.9,
2022-08-05,20.9,16.3,25.7,1,,346,12.5,,1019,
2022-08-06,20.1,13.7,25.6,0,,48,15,,1025.7,
2022-08-07,21.4,14.6,27.7,0,,38,14.1,,1023.4,
2022-08-08,22.8,15.7,29.4,0,,39,15.4,,1023.2,
2022-08-09,24.2,17,31.4,0,,34,14.8,,1023.8,
2022-08-10,26.1,18.9,33,0,,46,11.6,,1021.4,
2022-08-11,26.9,20.5,32.9,0,,68,10.7,,1018.2,
2022-08-12,27.6,20.6,34.1,0,,73,9.9,,1015,
2022-08-13,27.2,20.7,33.1,0,,112,8.7,,1012.7,
2022-08-14,23,17.8,28,1.3,,164,9.2,,1007.3,
2022-08-15,20.6,16.7,26.9,0.2,,204,7,,1005.8,
2022-08-16,21.2,17.8,28.1,46.5,,195,7.1,,1008.4,
2022-08-17,20.2,17.2,27.5,5,,172,6,,1010.2,
2022-08-18,22.4,17.1,27.9,0.6,,309,8.1,,1013.7,
2022-08-19,20.8,18.6,24.2,11.3,,312,9,,1017.1,
2022-08-20,19.9,14.4,25,0,,294,7.3,,1019.5,
2022-08-21,21.1,15.4,26.5,0,,164,7.5,,1016.6,
2022-08-22,21.6,17,25.5,0,,257,7.6,,1014.8,
2022-08-23,23,18.7,27.2,0.2,,248,4.5,,1016,
2022-08-24,25.9,19.5,32.4,0,,91,6,,1016.1,
2022-08-25,25.1,19.8,30.9,0,,15,9.6,,1014.6,
2022-08-26,22,18.7,26.7,0.1,,0,12.4,,1017.5,
2022-08-27,20.9,16.8,25.4,0,,35,11.4,,1016.9,
2022-08-28,20.9,15.8,26.4,0,,42,11.1,,1017.5,
2022-08-29,22.6,16.8,28.8,0,,42,12.5,,1017.7,
2022-08-30,21.4,15.3,27.5,2.6,,12,9.3,,1018.2,
2022-08-31,22,17.2,27.2,0,,14,10.8,,1018.5,
2022-09-01,22.3,16,28.2,0,,93,8.6,,1015.8,
2022-09-02,21,18.3,24.6,1.1,,138,7.5,,1011.9,
2022-09-03,20.3,17.8,23.9,0,,209,9.4,,1011.1,
2022-09-04,22.3,15.5,29.4,0,,168,8.5,,1016.1,
2022-09-05,22.8,17.4,30.2,14.6,,180,7.9,,1016.6,
2022-09-06,21.5,16.3,28.8,0.6,,199,7.5,,1014.6,
2022-09-07,18.5,16.1,21.7,5.4,,201,8.8,,1013.2,
2022-09-08,17.9,15,23.1,5.4,,219,11.7,,1010,
2022-09-09,17,15.3,19.7,6.2,,237,13.5,,1011.5,
2022-09-10,16.5,15,19.6,5.3,,267,10.3,,1016.5,
2022-09-11,17.4,13.2,23.1,0.4,,183,5.8,,1019,
2022-09-12,20.2,14,27.5,0,,137,7,,1013.2,
2022-09-13,22.3,19.5,26.2,4.6,,100,7.1,,1008,
2022-09-14,22.3,19.3,26,2.2,,242,9.8,,1005.1,
2022-09-15,18.9,15.2,21.9,0,,348,11.4,,1010.5,
2022-09-16,15.5,12.9,17.9,0.1,,357,11.8,,1015.6,
2022-09-17,13.3,10.3,16.8,0,,338,13.1,,1021.2,
2022-09-18,13.9,9,19.2,0,,306,10.1,,1021.5,
2022-09-19,14.3,10.7,18.3,0,,346,9.5,,1023.2,
2022-09-20,13.4,9.5,17.2,0,,13,7.5,,1025.3,
2022-09-21,14.4,10.2,19,0,,41,8.8,,1025.2,
2022-09-22,15,9.9,20.5,0,,64,4.5,,1021.5,
2022-09-23,15.4,11.2,20.8,0,,159,4.2,,1016.6,
2022-09-24,15,13.3,17.4,3.8,,275,6.4,,1013.4,
2022-09-25,15,11.9,20,0.2,,17,12.5,,1016,
2022-09-26,12.9,11.8,14.9,8.8,,255,11.4,,1007.7,
2022-09-27,12.3,10.8,13.8,3.7,,271,12,,1004.1,
2022-09-28,12.6,11.4,15.1,0.7,,292,7.7,,1000.7,
2022-09-29,11.6,10.3,13.8,1.9,,234,5.2,,1003,
2022-09-30,12.5,8,18.5,0.4,,257,8.1,,1011.4,
2022-10-01,16.1,12.3,20.4,6.8,,251,16.1,,1012,
2022-10-02,16.3,12.9,19.8,3.4,,261,9.9,,1021.1,
2022-10-03,12.1,10.3,14.2,0.2,,116,5.8,,1027,
2022-10-04,12.9,8,19,0.2,,181,5.7,,1022,
2022-10-05,16,11.5,20.7,0,,219,12.2,,1019.7,
2022-10-06,14.7,10.9,18.8,0,,282,6.5,,1030.3,
2022-10-07,13.2,7.8,18.6,0.2,,217,5.5,,1024.7,
2022-10-08,14,11.4,18.4,0,,328,7.5,,1023.6,
2022-10-09,12.7,7.3,19.5,0,,139,6.8,,1019.9,
2022-10-10,14.3,9.8,19.1,0,,212,8.8,,1016.7,
2022-10-11,13.5,9.8,17.8,0,,40,10.7,,1024.9,
2022-10-12,13.5,8.9,19.3,0,,268,4.7,,1023.3,
2022-10-13,14,12.7,15.5,3.8,,204,9.1,,1019,
2022-10-14,15.1,13.7,17.2,6.1,,223,9,,1012.6,
2022-10-15,16.4,15.3,18.5,5,,228,10.3,,1009.4,
2022-10-16,16.9,13.9,20.4,0,,179,8.1,,1013.7,
2022-10-17,17.6,16.7,18.6,11.8,,183,10,,1020,
2022-10-18,16.7,14.3,18.6,0.4,,125,5.1,,1026,
2022-10-19,17.1,14.3,21.3,0.2,,106,9.1,,1019.1,
2022-10-20,17.8,15.2,22.6,4.7,,188,10.5,,1010.5,
2022-10-21,16.7,14.6,20.4,4.7,,188,11.7,,1008.1,
2022-10-22,16.3,13.2,21.5,0.2,,191,9.2,,1012.9,
2022-10-23,18,15.1,23.1,0.1,,179,12.8,,1007,
2022-10-24,16.6,14.8,18.5,0,,217,16.8,,1010.1,
2022-10-25,15.6,13.3,18.4,0,,182,10,,1015.4,
2022-10-26,17.1,13.9,22.2,0.5,,193,8.7,,1016.3,
2022-10-27,17.3,13.6,22.8,0.2,,169,11,,1018.8,
2022-10-28,18.3,15.6,22.6,0,,199,9.9,,1019.1,
2022-10-29,18.6,15.5,24.1,0,,174,9.2,,1017.8,
2022-10-30,15.7,13.1,18.1,0,,212,6.2,,1018.4,
2022-10-31,16,13,20.3,6.9,,165,9.5,,1014.9,
2022-11-01,14.4,10.8,16.8,0,,222,16.5,,1017.3,
2022-11-02,12.5,9.9,15.2,0.2,,215,10.7,,1021.7,
2022-11-03,11.8,9.2,14.3,3.3,,205,13.1,,1008.3,
2022-11-04,10.5,9.2,12.7,2.1,,285,13.4,,1008.9,
2022-11-05,9.1,6.1,12.6,0,,219,9.6,,1019.8,
2022-11-06,10,9,11.9,6,,197,12.5,,1012.7,
2022-11-07,13.3,11.4,16.4,0,,212,13.5,,1013,
2022-11-08,13.3,9.8,17.4,1.8,,198,15.1,,1007.7,
2022-11-09,12.3,9.3,15.2,0.4,,223,10.5,,1013.1,
2022-11-10,9.2,6.8,11.3,0,,196,9.7,,1026.7,
2022-11-11,10.2,8.8,12.6,0,,163,8.8,,1030.8,
2022-11-12,10.6,7.7,14.8,0.4,,151,5.1,,1028.8,
2022-11-13,10.2,7.4,14.7,0.2,,122,5.3,,1020.7,
2022-11-14,9,6.1,12.8,0,,195,8.1,,1012.4,
2022-11-15,10.8,7.9,12.9,4.5,,197,11.8,,1004.6,
2022-11-16,10.9,8.3,13.4,9,,199,16.4,,997.2,
2022-11-17,12,10,13.6,2.3,,242,16.5,,992.2,
2022-11-18,9.6,7.6,12.6,0.4,,257,11.8,,1004.5,
2022-11-19,8.5,6.3,11.3,0,,292,8.8,,1012.7,
2022-11-20,7.7,5.1,10.1,1.4,,246,11.7,,1013,
2022-11-21,7.2,6.1,8.6,3.6,,205,12.3,,1001.8,
2022-11-22,8.1,4.8,10.9,1,,226,15.6,,996.8,
2022-11-23,8.4,5.7,12.8,5,,208,13.7,,1000.5,
2022-11-24,10,7,12.1,0.4,,207,14.2,,1011.1,
2022-11-25,9.6,7.4,12.1,0.8,,251,8.2,,1019.1,
2022-11-26,6.7,4.8,8.4,0.2,,189,9.3,,1029.4,
2022-11-27,7.7,6,9.8,4.3,,178,12.2,,1019.2,
2022-11-28,9,5.5,11.3,2,,231,7.6,,1012.5,
2022-11-29,8,5.5,9,0.1,,41,5.4,,1019,
2022-11-30,6.6,4.6,8,0,,53,9.1,,1024.1,
2022-12-01,5.7,4.9,6.5,0,,30,15.8,,1026,
2022-12-02,4.9,2.7,6,2.3,,36,13.4,,1021.5,
2022-12-03,3.5,1.7,4.1,0.2,,62,14.8,,1016.5,
2022-12-04,3.5,2.5,4.5,0.7,,66,11.8,,1013.7,
2022-12-05,2.6,2,3.5,2.5,,6,7.3,,1020,
2022-12-06,3.7,-0.7,5.3,0,,17,7.9,,1021.6,
2022-12-07,4.2,1.4,6.5,0,,330,6,,1020.1,
2022-12-08,3.2,-0.8,4.8,0,,217,5.9,,1011.6,
2022-12-09,2.3,0.3,3.8,0,,27,9.2,,1007,
2022-12-10,1.8,-1.3,3.9,0,,310,8,,1012,
2022-12-11,-1.3,-2.2,-0.1,0,,181,10.3,,1011.5,
2022-12-12,-1.4,-2.6,-0.2,0,,137,9.5,,1010.3,
2022-12-13,-1,-3.8,2,0,,89,9.7,,1005.6,
2022-12-14,0.9,-0.4,2.3,1.6,,48,7.8,,1002.7,
2022-12-15,-0.1,-2.6,2.3,0,,33,12,,1007.4,
2022-12-16,-0.3,-2.9,1.5,0,,18,10.3,,1016.1,
2022-12-17,-1.5,-3.8,-0.5,0,,135,7.8,,1025.2,
2022-12-18,-1.7,-5,3.6,5.4,,157,11.6,,1023.2,
2022-12-19,8.6,4,12.4,0.6,,189,14,,1018.3,
2022-12-20,11.2,10.5,12,9.6,,202,13.5,,1013.2,
2022-12-21,10.6,8,12.3,7.6,,219,13.7,,1011.9,
2022-12-22,12.5,11.1,14.3,10,,236,17.7,,1008.3,
2022-12-23,13.6,11.9,15.4,8.2,,241,13.7,,1008.9,
2022-12-24,10.9,10.3,11.7,1.8,,211,10.5,,1015.3,
2022-12-25,11.7,10.1,13.4,0.5,,196,11.9,,1012.5,
2022-12-26,10.1,6,12.6,1.1,,244,12.9,,1019.9,
2022-12-27,6.4,4,10.2,0,,208,10.4,,1027.5,
2022-12-28,10.3,8.7,11.5,1.7,,212,19.1,,1014.9,
2022-12-29,10.2,6.9,12.1,2.8,,232,16.1,,1010.1,
2022-12-30,10.1,5.4,14.9,4.6,,205,18.9,,1008.3,
2022-12-31,15.2,14.6,16,0.2,,214,22.9,,1011.8,
2023-01-01,13.1,11.4,15,2.2,,198,15.2,,1015,
2023-01-02,10.8,7.7,14.3,5.5,,231,11.4,,1020,
2023-01-03,7.7,5.7,9.7,1,,202,12.1,,1028.4,
2023-01-04,11.8,9.9,13.6,1.9,,227,19,,1024.5,
2023-01-05,12.8,11.5,13.8,0.6,,257,11.1,,1025,
2023-01-06,11.5,10.5,13.3,0,,218,12.9,,1021.7,
2023-01-07,10.1,7.7,11.1,1.5,,198,16.6,,1011.8,
2023-01-08,9.6,7.4,11.1,3.1,,219,16.8,,1002.2,
2023-01-09,7.3,6.1,9.1,0.9,,259,17.4,,1006.6,
2023-01-10,7.1,4.3,11.5,2.7,,212,13.9,,1018.9,
2023-01-11,10.9,9.6,12.2,7.5,,245,17,,1016.9,
2023-01-12,10.8,9.4,11.8,1.5,,225,20.1,,1015.9,
2023-01-13,9.6,7.9,11.3,3.3,,254,15.1,,1016.6,
2023-01-14,10.3,8.1,12.4,12,,225,19.9,,1010.9,
2023-01-15,7.3,5.8,9,4.1,,250,19.1,,1007.5,
2023-01-16,5.6,3.9,6.9,10.4,,247,21.2,,987.4,
2023-01-17,2.6,1,4,2.4,,82,10.4,,987.8,
2023-01-18,2.6,-0.1,5.6,2.5,,292,10.2,,999.7,
2023-01-19,1.6,0.4,2.9,1.2,,231,7.8,,1009,
2023-01-20,3.2,0.1,6.3,0,,297,10.7,,1018.5,
2023-01-21,2.3,-1.3,4.7,0.2,,23,18.6,,1027.9,
2023-01-22,1,-0.1,2.5,0,,29,17.5,,1032.7,
2023-01-23,2.2,1.3,3.3,0,,42,14.7,,1034.1,
2023-01-24,2.6,1.7,3.4,0.2,,40,13.6,,1035.9,
2023-01-25,1.2,-0.4,3,0,,17,9.8,,1033.3,
2023-01-26,2.7,0.5,5.4,0.6,,48,8.9,,1025.3,
2023-01-27,4.9,4.2,5.4,0,,27,16.7,,1025.3,
2023-01-28,3.1,-2.7,4.1,0,,32,16.1,,1029.8,
2023-01-29,2.3,-0.8,4.8,0,,272,7.6,,1030.6,
2023-01-30,6,2,9.4,0.2,,275,10.4,,1027.3,
2023-01-31,5.6,1.8,9,0.2,,253,9.4,,1029.4,
2023-02-01,8.3,5.5,9.8,0,,284,13,,1028.9,
2023-02-02,8.2,6,10.1,0,,271,11.6,,1031.8,
2023-02-03,9.1,7.4,10.6,0,,280,11.2,,1035,
2023-02-04,9.5,7,10.2,1,,335,9.8,,1038.1,
2023-02-05,7.8,3.1,9.4,0,,359,15.5,,1041.5,
2023-02-06,4.5,0.9,7.6,0.2,,42,13.9,,1040.1,
2023-02-07,3.2,0.7,6.4,0.4,,69,12.1,,1036.9,
2023-02-08,2.6,-0.4,7,0,,80,6.7,,1035,
2023-02-09,2.6,-4.3,7.5,0,,226,5,,1034.4,
2023-02-10,6.5,4.3,10.1,0,,205,7,,1039.2,
2023-02-11,6.5,1.9,10.5,0,,140,5.9,,1038.2,
2023-02-12,7.7,6,9.6,0,,109,8.7,,1037.1,
2023-02-13,6.8,2.1,12,0,,143,6.2,,1035,
2023-02-14,6.9,2,13.2,0,,146,4.8,,1032.2,
2023-02-15,7,2.6,12.1,0,,169,5.5,,1027.2,
2023-02-16,9.1,4.4,14.5,0.2,,211,10.3,,1026.5,
2023-02-17,12.9,11,15.7,0,,252,11.4,,1027.7,
2023-02-18,11.7,10.8,12.4,0.1,,266,13.8,,1028.1,
2023-02-19,10.9,8.5,12.7,0,,293,10.8,,1028.8,
2023-02-20,8,3.9,12.5,0,,277,5.5,,1028,
2023-02-21,9.4,3.5,16.4,0,,150,4.9,,1019.4,
2023-02-22,9.3,8.6,10,1.2,,238,9.2,,1013.7,
2023-02-23,8.8,6.4,10.7,0,,24,10.5,,1015.1,
2023-02-24,8.4,6.8,10.5,0,,37,13.9,,1011.5,
2023-02-25,6.3,4,8.3,0,,34,16.3,,1012.8,
2023-02-26,2.9,0.5,5.7,0,,46,21.2,,1020.7,
2023-02-27,2.9,-0.2,7.4,0,,48,20.3,,1025.6,
2023-02-28,2.5,-0.4,5.2,0,,46,15.3,,1027.9,
2023-03-01,3.1,-0.7,8.1,0,,37,14.5,,1024.7,
2023-03-02,4.3,0.6,9.5,0,,14,12.2,,1020.9,
2023-03-03,3.7,-0.7,10,0,,12,14.1,,1024,
2023-03-04,4.3,1.5,6.4,0,,36,12.9,,1026.9,
2023-03-05,6.1,5.2,6.8,0,,3,7.2,,1019.3,
2023-03-06,5.8,3.8,7.4,0.3,,285,10.8,,1009.6,
2023-03-07,6.8,4.7,9.5,0.9,,240,13.2,,1003.6,
2023-03-08,10,5.4,14.8,22.8,,225,16.4,,993.7,
2023-03-09,11.9,9.2,15.2,2.9,,227,18.1,,997.7,
2023-03-10,8.1,4.6,11.4,2.2,,273,21.3,,999.1,
2023-03-11,6.1,3.5,8.7,3.1,,142,9,,1010.8,
2023-03-12,11.5,7.9,14.8,2.9,,241,13.5,,1012.7,
2023-03-13,13.5,11.3,15.7,1.8,,224,20.2,,1002.2,
2023-03-14,9,5.8,11.2,6.2,,287,19.7,,1005,
2023-03-15,7.1,2.5,11.7,0.1,,214,7,,1018.7,
2023-03-16,11.1,5.5,17.8,0,,168,12.1,,1012.4,
2023-03-17,12.7,9.5,16.6,3.9,,195,12.2,,1007.9,
2023-03-18,12.5,9.2,16.6,2.5,,211,14.6,,1010.4,
2023-03-19,10.4,7.2,11.8,2.6,,290,11,,1016.8,
2023-03-20,9.8,3.7,14.7,0,,214,8.3,,1021.5,
2023-03-21,12.3,9.1,15.4,0,,209,11.7,,1015.7,
2023-03-22,11.9,9.2,14.5,5.4,,216,18,,1010.4,
2023-03-23,13.9,12,17,1.2,,219,19.2,,1006.7,
2023-03-24,12.8,9.4,15.4,3.1,,245,18.4,,1006.6,
2023-03-25,11.4,8.9,14.5,0.2,,242,18.2,,1011.9,
2023-03-26,10,8.6,13.2,5.3,,271,17.5,,1006.3,
2023-03-27,7.9,5.9,9.8,0,,1,14.5,,1023.9,
2023-03-28,7.7,3.8,10.7,0,,159,11.6,,1024.5,
2023-03-29,14.6,9.4,21,0.4,,198,12.6,,1015.3,
2023-03-30,15.2,12.8,18.2,1.3,,237,17.6,,1011.6,
2023-03-31,12.7,11.2,15.3,7.9,,235,23.4,,1001.9,
2023-04-01,11.6,10.2,14.8,2.5,,285,19.8,,1006.5,
2023-04-02,8.5,6.8,10.4,1,,358,19.6,,1019.9,
2023-04-03,8.5,5.5,12.7,0,,56,14.6,,1026.4,
2023-04-04,7.8,2.9,13,0,,56,12.2,,1025.7,
2023-04-05,9.4,3.7,15.5,0,,340,6.1,,1022.3,
2023-04-06,11.8,9.4,15.4,1.5,,276,10.2,,1017.9,
2023-04-07,10.8,7.6,14.8,0.1,,350,11.9,,1019.4,
2023-04-08,10.2,5.5,16.1,0,,46,11.1,,1024.3,
2023-04-09,12.4,6.6,18.8,0,,108,6.6,,1022.6,
2023-04-10,12.8,9.7,17.2,5,,205,12.1,,1017.2,
2023-04-11,10.7,8.4,13.7,4.8,,243,13.8,,1016.5,
2023-04-12,10,7.5,14.4,12.6,,248,17.4,,1003.1,
2023-04-13,9.6,6.5,13.9,0.9,,250,14.8,,1006.9,
2023-04-14,7.4,4.8,9.6,4.1,,179,11.1,,1007.2,
2023-04-15,10.3,8.2,14,10.4,,335,14.7,,1012.9,
2023-04-16,11,5.9,16.5,0,,9,14.1,,1025.5,
2023-04-17,9.8,7.2,12.7,0,,30,12.7,,1025.3,
2023-04-18,11.7,7.6,17,0.7,,48,14,,1021.8,
2023-04-19,13.9,9.1,19.6,0.3,,74,12.3,,1019.8,
2023-04-20,9.9,6.7,13.2,0.2,,44,15.4,,1015.8,
2023-04-21,9.3,4.8,14.4,0,,57,6,,1010.5,
2023-04-22,11.8,8.7,17.1,5.4,,178,9.9,,1007.1,
2023-04-23,11.6,8.7,15.3,7.5,,218,13.2,,1005.8,
2023-04-24,10.7,8.1,13.9,1.4,,266,12.3,,1011,
2023-04-25,9.2,7.7,11.4,0.7,,352,9.5,,1015.7,
2023-04-26,10.4,6.2,14.1,0.2,,109,5.9,,1017.9,
2023-04-27,14.6,10.3,18.7,2,,133,7.9,,1016.4,
2023-04-28,17.5,15.1,22.5,7.9,,266,12,,1013.8,
2023-04-29,12.9,10.7,16.5,0,,30,10.7,,1019.4,
2023-04-30,13.7,9.2,19.8,0,,56,7.1,,1020.3,
2023-05-01,13.3,11.3,15.9,4,,323,10.2,,1018.7,
2023-05-02,14.3,9.9,18.8,0.2,,26,9.8,,1024.5,
2023-05-03,15.6,8.4,22.1,0,,79,11.7,,1022.9,
2023-05-04,18.2,11.7,23.5,0,,180,12.2,,1015.8,
2023-05-05,16.5,13.5,21,1.2,,222,10.1,,1017.7,
2023-05-06,16.4,11.8,20.9,1.6,,177,6.5,,1016.2,
2023-05-07,15.7,14.1,18.2,25.9,,255,6.3,,1017.5,
2023-05-08,15.3,11.5,19.3,0,,286,6.4,,1022.1,
2023-05-09,14.7,11.8,17.5,14.4,,232,8.8,,1014.6,
2023-05-10,13.5,10.4,18.4,8,,285,11.3,,1014.7,
2023-05-11,13.5,11.5,15.6,0.3,,329,7.7,,1016.8,
2023-05-12,12.4,8.1,14.4,1.3,,355,11,,1017.7,
2023-05-13,15.7,12,21.8,0.2,,14,14.6,,1020.1,
2023-05-14,14.1,10.1,20.2,0,,8,11.7,,1019.6,
2023-05-15,12.6,9.5,15.8,1.5,,344,11.5,,1018,
2023-05-16,12.1,7.3,17.4,0,,20,17.4,,1022.9,
2023-05-17,13.7,9.4,18.6,0,,35,15.1,,1026.5,
2023-05-18,13.5,8.6,18.6,0,,33,15.2,,1025.6,
2023-05-19,15.1,9.3,20.4,0,,24,14.1,,1023.4,
2023-05-20,16.7,11.8,22.4,0,,23,16.8,,1018.9,
2023-05-21,17.7,13.5,21.7,0,,19,15.7,,1016.3,
2023-05-22,17.1,12.9,22.3,0,,4,13.1,,1017.5,
2023-05-23,15.3,12.6,20.1,0,,30,17.6,,1022.1,
2023-05-24,14.4,8.6,20.9,0,,36,16.8,,1023.7,
2023-05-25,17,10.7,22.4,0,,45,16.2,,1024.2,
2023-05-26,17.5,11.1,23.5,0,,39,14.4,,1025.6,
2023-05-27,18.9,12.2,25.2,0,,42,12.9,,1021.9,
2023-05-28,20.8,14.1,27.2,0,,33,14.4,,1017.7,
2023-05-29,19.3,13.8,25.2,0,,35,18.4,,1019.7,
2023-05-30,17.7,12.2,23.3,0,,33,18.7,,1022.2,
2023-05-31,19.8,12.2,26.8,0,,43,16.2,,1020,
2023-06-01,21,14.6,27.3,0,,36,15.7,,1018.7,
2023-06-02,16.1,10.9,21.8,0,,31,18.7,,1019.3,
2023-06-03,18.9,11.8,25.3,0,,39,13.5,,1017.7,
2023-06-04,20.9,14.2,26.7,0,,41,15,,1018,
2023-06-05,20.4,13.6,26.6,0,,31,15.2,,1018.4,
2023-06-06,19.9,12.4,27.8,0,,38,14.9,,1017.8,
2023-06-07,21.5,14.3,28.9,0,,50,13.4,,1016.5,
2023-06-08,22.5,15.8,28.8,0,,67,11.2,,1013.7,
2023-06-09,24.9,17.8,30.7,0,,98,9.8,,1009.5,
2023-06-10,24.1,19.4,30.4,0,,157,9.7,,1011.3,
2023-06-11,22.8,18.8,26.8,5.5,,229,8.4,,1013.7,
2023-06-12,21.8,18.1,27.7,1.6,,1,9.2,,1013.8,
2023-06-13,24.4,17.5,30,0,,45,10.7,,1010.6,
2023-06-14,24.5,17.1,29.9,0,,48,8.5,,1013.6,
2023-06-15,23.9,18.3,28.7,0,,33,8.9,,1017.3,
2023-06-16,24.4,18.2,30.3,0,,45,7.6,,1017.4,
2023-06-17,25,19.8,31,0.3,,157,8.7,,1013.8,
2023-06-18,22.7,18.7,29.8,6.9,,162,9.6,,1010.5,
2023-06-19,20.6,16.3,25.6,1.6,,171,6.3,,1012.4,
2023-06-20,22.3,18.4,26.7,1.4,,197,11.8,,1010.7,
2023-06-21,23,18.3,28.2,0.1,,324,7,,1016.2,
2023-06-22,20.7,17.9,25.1,16.1,,7,12.9,,1017.4,
2023-06-23,22.4,16,28.9,0,,309,7.3,,1024.5,
2023-06-24,24.4,18,30.4,0,,63,8.6,,1023.7,
2023-06-25,26.9,19.6,33.6,0,,168,8.9,,1016.4,
2023-06-26,20.5,16.8,23.7,0,,322,13.3,,1021.2,
2023-06-27,20.3,15.9,25,0,,338,9.5,,1022.5,
2023-06-28,21.7,17.1,26.3,0,,12,7.2,,1019.3,
2023-06-29,22.1,19,25.4,0.6,,11,9.7,,1015.7,
2023-06-30,19.9,15.7,24,0,,303,12,,1015.6,
2023-07-01,19.6,16.5,23.1,1.4,,261,14.1,,1010.6,
2023-07-02,19.1,14.6,23.3,0,,280,12.5,,1014.4,
2023-07-03,20.1,16.8,24.1,0,,271,11.9,,1015.2,
2023-07-04,19.1,15.1,24.5,13.5,,239,9.3,,1013.9,
2023-07-05,17,12.3,21.4,2,,270,13.4,,1015.4,
2023-07-06,20.4,14.1,27.2,0,,133,5.4,,1017.6,
2023-07-07,24.3,16.8,31.3,0,,142,9.1,,1015.6,
2023-07-08,27.2,21.2,33.5,0,,202,9.4,,1015,
2023-07-09,24.4,21.8,27.8,0.3,,348,9.9,,1018.9,
2023-07-10,23.9,18.5,29.2,0,,249,8.3,,1021.4,
2023-07-11,25.4,17.9,31.6,0,,235,10.1,,1013.8,
2023-07-12,21.3,17.3,25,0,,294,10.7,,1015,
2023-07-13,20.3,16.8,23.9,0,,292,10.3,,1019.3,
2023-07-14,24.1,17.4,31.6,0,,181,12.6,,1012.7,
2023-07-15,22.8,20.5,26.4,3,,227,16.9,,1007.6,
2023-07-16,20.4,14.9,25,0,,237,14.1,,1015.5,
2023-07-17,20,14,24.5,0,,281,8.4,,1020.5,
2023-07-18,22.8,16.2,29.1,0,,58,7.5,,1018.2,
2023-07-19,21.2,17.4,23.7,0,,312,12.3,,1017,
2023-07-20,20.8,15.6,26.4,0,,299,7.4,,1015.9,
2023-07-21,20,15.8,23.6,2.1,,322,9.4,,1014.4,
2023-07-22,20.2,14.2,25.8,0,,266,12,,1015.6,
2023-07-23,20.7,17.6,24.9,6.7,,228,15.2,,1010.6,
2023-07-24,19.9,17.6,23.5,6.7,,255,12.5,,1006.7,
2023-07-25,17.1,14,20.1,22.1,,336,9.8,,1009.6,
2023-07-26,18.2,12.3,23.3,0,,255,9.3,,1015.3,
2023-07-27,19.8,18.7,22.4,5.9,,238,14,,1010.3,
2023-07-28,20.4,18.6,24.2,42.8,,218,9.3,,1009.3,
2023-07-29,20.6,16.9,25.4,1.6,,238,9.9,,1010.3,
2023-07-30,19.5,15.7,23.2,0.3,,271,12.6,,1016.4,
2023-07-31,19,17.7,21.2,3.5,,233,14.5,,1012.6,
2023-08-01,19.1,15.7,22.6,8.1,,266,15.8,,1006.4,
2023-08-02,20,17.1,24.1,19.2,,230,21.4,,997.8,
2023-08-03,17.1,15.5,19.3,10.2,,265,13.5,,1005.3,
2023-08-04,17.7,15.2,21.9,1.3,,316,9.3,,1016.3,
2023-08-05,16.3,13.6,19.4,1.3,,238,13.4,,1013.9,
2023-08-06,16.4,13.8,19.2,0.6,,302,15.5,,1016,
2023-08-07,17.4,12.9,21.6,0.2,,299,10.2,,1021,
2023-08-08,19.6,15.5,23.8,0,,273,8.6,,1018.1,
2023-08-09,20,17.2,24.4,0,,304,6.5,,1018.4,
2023-08-10,22.2,16.1,28.8,0,,124,6.4,,1019.8,
2023-08-11,22,18.1,27.1,4,,227,7.7,,1020.4,
2023-08-12,21.4,18.2,26.4,10.5,,246,9.3,,1018.4,
2023-08-13,20.4,16.4,24.4,0,,240,8,,1017.8,
2023-08-14,21.4,16.1,28.3,2.6,,191,8.9,,1013.9,
2023-08-15,21.3,17.8,24.8,0,,276,6.4,,1016.6,
2023-08-16,22.3,18,27.4,0,,43,9.4,,1018.6,
2023-08-17,23.6,18.8,28.6,0,,58,9.9,,1016.7,
2023-08-18,25.1,19.6,31.4,0.1,,114,7.2,,1012.9,
2023-08-19,24.4,21.5,27.2,3.9,,222,9.1,,1015.9,
2023-08-20,24.6,18.6,30.5,0,,97,7.9,,1021.4,
2023-08-21,23.5,18.6,29.2,0,,20,9,,1023.3,
2023-08-22,24.9,19.2,30.8,0,,50,6.8,,1020.5,
2023-08-23,25,18.8,31.6,0,,72,8.6,,1019,
2023-08-24,24.5,21.4,28.1,0.4,,124,9,,1012.7,
2023-08-25,20.9,17.3,23.5,1.4,,288,9.6,,1010.5,
2023-08-26,18.1,14.2,22.2,0.9,,236,9.9,,1012.6,
2023-08-27,16.7,13.5,20.5,0,,296,9,,1012.8,
2023-08-28,16.7,13.9,20.6,0.2,,322,8.9,,1014.2,
2023-08-29,17.3,13.9,20.8,0.1,,325,8,,1013.6,
2023-08-30,16.9,13.8,20,0.2,,275,9.8,,1010.7,
2023-08-31,16.7,14.1,18.9,5.2,,219,8.7,,1012.9,
2023-09-01,19.8,17.2,22.9,1.3,,220,10.8,,1013.7,
2023-09-02,22.5,16.6,30.1,0,,100,7.4,,1017.8,
2023-09-03,24.7,18.9,31.4,0,,66,9.1,,1023.9,
2023-09-04,24.4,18.2,31.3,0,,82,11.5,,1020.6,
2023-09-05,25.7,19.1,33.6,0,,144,7.1,,1015.8,
2023-09-06,26.5,20.8,33.5,0,,84,6.2,,1017.2,
2023-09-07,25.1,18,32.9,0,,73,5.6,,1016.1,
2023-09-08,27.2,20.4,35.1,0,,178,5.7,,1016.1,
2023-09-09,27.9,21.6,35.3,0,,162,7.7,,1015.5,
2023-09-10,27.5,21.2,34.6,0,,187,7.6,,1015.4,
2023-09-11,24.1,20.9,27.6,0.1,,16,9.9,,1014,
2023-09-12,19.6,18.1,22.3,7.9,,344,7.7,,1014.4,
2023-09-13,19.2,17.3,21.6,0.2,,313,5.6,,1018.9,
2023-09-14,19.6,16.2,24.6,0,,146,4.7,,1020.5,
2023-09-15,20.9,15.9,27.9,0,,133,6.7,,1015,
2023-09-16,21,16.5,25.9,0,,114,5.4,,1011.3,
2023-09-17,21.4,17.5,26.7,5.9,,163,7.7,,1010.6,
2023-09-18,19.4,15.7,24,1.4,,232,13.2,,1008.1,
2023-09-19,17.2,13.5,21.5,0,,234,14.8,,1014.6,
2023-09-20,19.9,16,24.4,0,,208,14.5,,1008.3,
2023-09-21,17,14.5,20.2,14.9,,213,13.3,,999.2,
2023-09-22,14,12.6,17.2,6.6,,243,12.9,,1003.9,
2023-09-23,14,10.8,17.5,0,,272,8.1,,1017.5,
2023-09-24,14.5,8.6,21.5,0,,177,9.1,,1023.6,
2023-09-25,16.7,10.1,23.5,0,,161,6.3,,1021.6,
2023-09-26,19.1,14.1,25.9,0,,178,6.6,,1019.8,
2023-09-27,20,14,26.8,0,,188,8.1,,1017.4,
2023-09-28,19.7,17,22.7,0,,233,8,,1017.6,
2023-09-29,19.3,15.3,21.8,0,,266,12.3,,1020.4,
2023-09-30,16.7,12.1,21.9,0,,117,4.9,,1026.5,
2023-10-01,19,12.9,26.5,0.2,,175,7.1,,1023.7,
2023-10-02,20.7,14.6,28.2,0,,177,8.1,,1018.8,
2023-10-03,19,15.7,22.2,0.3,,277,12.2,,1020.5,
2023-10-04,14.7,10.9,18.3,0,,263,6.2,,1029.8,
2023-10-05,14.9,11.7,20.1,0,,214,5.2,,1027.4,
2023-10-06,14.9,9.8,21.3,0,,206,5.3,,1026.9,
2023-10-07,17,10.9,23.7,0,,229,6.4,,1026.7,
2023-10-08,18.7,12.8,27.1,0,,179,4.5,,1025.9,
2023-10-09,19.2,14.2,26.1,0,,258,4.6,,1023.4,
2023-10-10,19.1,12.7,27.7,0,,215,6.8,,1021.1,
2023-10-11,19,13.2,25.2,0,,205,9.1,,1017.6,
2023-10-12,19.1,16.5,22.5,3.8,,219,8.6,,1016,
2023-10-13,20.7,17.4,25.6,1.2,,208,16.7,,1010.1,
2023-10-14,14.3,12,19.5,1.2,,299,13.4,,1016.9,
2023-10-15,10.8,9,13.5,0,,356,9,,1024.3,
2023-10-16,9.3,5.7,13.5,0,,87,12.5,,1020,
2023-10-17,10.8,5.9,16.6,0,,87,10.1,,1012.5,
2023-10-18,14.8,11.4,18.5,7,,149,12.1,,999.6,
2023-10-19,17.6,15.3,22.5,3.1,,184,13.6,,989.6,
2023-10-20,15.3,13.8,18.3,11.8,,207,8.9,,980.4,
2023-10-21,13.5,12.4,15.6,4.1,,218,20.9,,992.9,
2023-10-22,13,11,16.1,1.4,,213,11.2,,1008,
2023-10-23,10.7,8.5,12.1,5.6,,139,7.8,,1007.7,
2023-10-24,12.9,11.2,16.5,1.3,,215,9.9,,1004.9,
2023-10-25,13.1,11.4,15,5.5,,232,12.3,,996.5,
2023-10-26,13,10.4,15.2,18.8,,207,10,,995.8,
2023-10-27,12.3,10.2,15.3,2.8,,229,11.3,,995.3,
2023-10-28,12.6,10.9,14.2,4.8,,207,16.1,,996.5,
2023-10-29,13.5,11.5,16.5,6.2,,214,16.9,,996.2,
2023-10-30,11.5,9.9,13.5,8.5,,194,7.7,,999.1,
2023-10-31,12.1,8.4,15.6,1.3,,226,11.4,,1005.5,
2023-11-01,12.4,11.2,13.6,2.1,,202,16.3,,1001.2,
2023-11-02,11.8,8.9,14.2,7.7,,222,26.3,,981.9,
2023-11-03,8.3,5.9,10.3,0.2,,218,11.9,,989.6,
2023-11-04,10.5,8.3,14.9,8.5,,208,19.2,,979.7,
2023-11-05,11.4,9.9,14.4,2.2,,245,17.8,,985.5,
2023-11-06,10.4,8.5,13.8,1.2,,223,14.5,,1005.1,
2023-11-07,9.8,7.6,13,0.1,,236,12.1,,1014.1,
2023-11-08,9.8,7.2,13,6.5,,207,16.4,,1014,
2023-11-09,9.9,7.9,11.7,2.1,,229,13.8,,1004.8,
2023-11-10,8.9,6.6,12,2,,242,16.9,,1001.7,
2023-11-11,8.3,6.3,11.5,0.6,,257,9.1,,1009.4,
2023-11-12,9.5,6.7,12.9,8.7,,193,10.5,,1006.1,
2023-11-13,14.5,12.1,17.1,6.7,,235,15.1,,1007.9,
2023-11-14,12.5,10.7,13.5,0.8,,245,16.8,,1011.5,
2023-11-15,10.9,8.4,13.3,0,,250,13.2,,1020.7,
2023-11-16,9,8.2,10.7,14.6,,143,11,,1012.2,
2023-11-17,9,7.9,11.8,3.3,,257,8.6,,1022.8,
2023-11-18,10.7,8.6,14.3,14.5,,204,12.2,,1020.2,
2023-11-19,13.4,11.1,15.3,0,,242,13.9,,1016.6,
2023-11-20,10.9,9.9,12.6,0.6,,247,13.1,,1014.4,
2023-11-21,10.9,9.6,12.1,2.9,,340,11.8,,1018.3,
2023-11-22,8.1,6,10.2,0,,14,14.1,,1029.8,
2023-11-23,10.3,6.6,12.4,0.2,,266,8.1,,1028.2,
2023-11-24,9.7,5.5,11.9,0.6,,330,15.2,,1019.9,
2023-11-25,5.6,4,7.9,0,,320,12.5,,1020.5,
2023-11-26,4.3,1.7,6.9,0,,238,7.4,,1019.4,
2023-11-27,6.4,4.1,9.3,7.1,,234,13.5,,1004,
2023-11-28,5.9,3.7,7.4,0.4,,332,12.6,,1007.3,
2023-11-29,5.5,2.9,9,0,,206,7.6,,1006.5,
2023-11-30,4.8,2.8,7.4,0.9,,98,8.1,,1000.1,
2023-12-01,3.1,0.8,5,0,,38,12.3,,1004.6,
2023-12-02,0.8,-1.2,3.3,0,,340,11,,1015.8,
2023-12-03,1,-1.9,3.7,0,,186,14.5,,1019.3,
2023-12-04,6.1,2.9,9.5,8.6,,184,14.7,,1002.2,
2023-12-05,7.6,6.7,8.8,7.1,,273,14.4,,1006.7,
2023-12-06,6.2,3.9,8.5,0,,316,7.7,,1018,
2023-12-07,4.6,3.1,5.8,6.2,,160,13,,1014.1,
2023-12-08,8.4,5.8,11.1,2.6,,233,8.2,,1010.2,
2023-12-09,9.5,6.2,12.9,19,,222,19.5,,1006.1,
2023-12-10,10.4,8.9,12.5,5,,229,16.3,,1011.1,
2023-12-11,11.2,10.1,12.8,0.2,,239,9.9,,1009.4,
2023-12-12,11.6,10.4,12.8,1.9,,216,10.6,,1005,
2023-12-13,9,7.7,10.6,1,,272,11.8,,1001.9,
2023-12-14,8.2,7.7,8.5,0.2,,305,13.4,,1021.4,
2023-12-15,9.2,7.8,10.7,1,,296,7.3,,1036.5,
2023-12-16,7.3,1.6,11,0,,228,6,,1042.8,
2023-12-17,2.8,0.5,5.1,0,,180,7,,1039.6,
2023-12-18,1.9,0.9,3.4,0,,221,8.3,,1036,
2023-12-19,6.3,2.8,9.6,2.1,,221,13.1,,1026.4,
2023-12-20,8.4,5.9,9.9,0,,283,12.9,,1023.1,
2023-12-21,11,9.4,12.2,0.6,,278,17.2,,1013.9,
2023-12-22,10.6,9.2,11.8,0.4,,287,16,,1017,
2023-12-23,10.5,9.1,12.2,0.3,,270,15.1,,1020.1,
2023-12-24,11.2,9.8,12.6,0.4,,244,16.4,,1016.8,
2023-12-25,11.8,11.2,12.5,0,,244,13.8,,1016.2,
2023-12-26,10.9,10.1,11.5,0.5,,235,10.5,,1019.1,
2023-12-27,9.6,7.8,11,1.6,,199,15.2,,1016.8,
2023-12-28,10.4,9.2,11.7,0,,216,14.5,,1017,
2023-12-29,10.5,9,11.8,1.3,,225,16.9,,1015.8,
2023-12-30,9.2,7.2,11.2,0,,208,13,,1014.4,
2023-12-31,9.4,7.8,11.2,1.4,,220,22.2,,1002.2,
2024-01-01,8.2,6.2,10.9,4.1,,222,16.4,,1009.3,
2024-01-02,10.9,9.9,11.8,12.4,,225,28,,998.6,
2024-01-03,10.8,9.1,12.7,5,,242,20.2,,999.8,
2024-01-04,9.6,7.6,11.1,0.6,,219,16.5,,1006.2,
2024-01-05,7.9,6.1,9.9,0,,263,12.2,,1004.3,
2024-01-06,6.3,5.3,7.3,1,,333,14.2,,1013.2,
2024-01-07,3.7,1.8,5.2,0,,13,18.7,,1021.2,
2024-01-08,-0.5,-1.2,1.1,0.4,,45,18.1,,1027,
2024-01-09,-1.6,-2.1,-1.2,0.4,,78,13.2,,1026.6,
2024-01-10,-0.6,-1.9,1.2,0,,75,9.1,,1026.1,
2024-01-11,0,-1.5,2.4,0,,26,14.3,,1031.4,
2024-01-12,1.9,-0.2,3.2,0,,35,13.5,,1033.4,
2024-01-13,-1,-1.8,0.1,0,,140,5.3,,1027.5,
2024-01-14,-1.6,-2.8,0.2,0,,200,7.3,,1016.3,
2024-01-15,2.1,0,4.7,0.3,,306,9.7,,1011.4,
2024-01-16,-0.3,-3.1,3.7,0,,169,6.4,,1010.8,
2024-01-17,1.8,-0.3,5.2,24.2,,69,8.9,,991,
2024-01-18,1,-0.3,3,7.9,,3,14.7,,1003,
2024-01-19,0.2,-1.6,5,0,,268,6.8,,1023.7,
2024-01-20,-0.7,-3.6,3.1,0,,159,7.6,,1029.7,
2024-01-21,4,-0.9,9.7,0,,205,15.8,,1024.1,
2024-01-22,11,8.8,13.2,2.8,,245,24.8,,1018.3,
2024-01-23,9.7,7.6,13.3,0.2,,232,13.6,,1028.7,
2024-01-24,13.5,12.5,14.4,1.1,,265,13.6,,1029.4,
2024-01-25,11.5,10.2,13.5,1.1,,219,7.9,,1030.6,
2024-01-26,10.5,5.9,12.3,1.1,,288,13.4,,1031,
2024-01-27,4.8,1.6,8.3,0,,140,7.2,,1035.6,
2024-01-28,5,1.7,9,0,,156,8.3,,1027.5,
2024-01-29,8.6,4.5,14.3,0,,191,9.6,,1027.5,
2024-01-30,10.2,8.7,11.5,0,,265,8,,1030.9,
2024-01-31,8.2,5.6,10,0,,187,8.1,,1034.5,
2024-02-01,10.3,8.3,12.1,1.1,,304,9.1,,1033.5,
2024-02-02,6.8,3.2,9.9,0,,247,8.1,,1035.5,
2024-02-03,9.8,8.1,10.8,0.2,,260,8.4,,1033,
2024-02-04,9.9,9.5,10.6,0,,254,11.2,,1031.3,
2024-02-05,8.8,7.8,9.7,0,,240,12.3,,1027.8,
2024-02-06,9.9,7.6,12.2,0,,228,17.3,,1020.5,
2024-02-07,11.5,11,12.4,7.4,,228,18.9,,1008.8,
2024-02-08,12.2,10.7,13.9,7.4,,220,16.3,,998.5,
2024-02-09,11.6,9.7,13.8,1,,206,17,,986.4,
2024-02-10,8.8,6.9,10.5,6.9,,187,8.6,,985.7,
2024-02-11,9,7.1,10.9,0.9,,241,14.9,,993.5,
2024-02-12,7.7,5.6,10.9,0.3,,255,6.6,,1008,
2024-02-13,7.4,3.3,10.5,0.1,,200,12.2,,1018.9,
2024-02-14,12.2,9.9,15.5,0.2,,215,12.9,,1019.9,
2024-02-15,13.9,10.1,18.5,0.2,,165,10.4,,1013.9,
2024-02-16,13.5,11.1,15.2,0.7,,276,13.7,,1017.3,
2024-02-17,11.8,9.7,14.9,0,,253,8.2,,1032.7,
2024-02-18,9.5,7.2,12.2,2.8,,224,12.3,,1031.2,
2024-02-19,11,9.6,12,0.1,,292,11,,1032.3,
2024-02-20,8.6,7.5,10,0,,252,9.1,,1031.5,
2024-02-21,8.7,6.6,11,8.4,,203,15.6,,1017.2,
2024-02-22,11,6.5,13.1,13.8,,231,22.4,,994.3,
2024-02-23,6.3,4.5,9.2,1.3,,216,15.7,,994.9,
2024-02-24,5.7,3.5,9.2,5.6,,218,15.1,,999.9,
2024-02-25,6.9,5.1,8.9,7.5,,175,14.3,,997.3,
2024-02-26,8,5.9,10.2,8.4,,76,14.8,,996.9,
2024-02-27,6.8,5.2,9.5,0.4,,11,19.5,,1017.2,
2024-02-28,7.1,3,11.1,0,,242,8.6,,1022.8,
2024-02-29,9.3,7.8,10.7,4.8,,200,13.3,,1010.8,
2024-03-01,7.6,4.8,10.9,6.4,,214,17.7,,1002.3,
2024-03-02,6.5,4.9,8.7,15.5,,215,10.6,,997.5,
2024-03-03,7,5.6,9.5,2.7,,321,9.2,,1002.9,
2024-03-04,7.3,2.7,11.8,0.8,,211,8.4,,1012.4,
2024-03-05,7.7,5.4,10.5,4.4,,226,11.7,,1014.4,
2024-03-06,7.3,5.7,10,0.2,,111,6.9,,1021.1,
2024-03-07,8.2,3.8,13.5,0,,107,10.1,,1018.1,
2024-03-08,9.1,3.9,13.7,0,,125,14.1,,1004.7,
2024-03-09,9.3,6.5,14.3,5.1,,146,12.1,,995.3,
2024-03-10,8.6,7.2,11.4,1.6,,198,8,,995.2,
2024-03-11,8.8,6.5,11.9,3.3,,278,9.9,,1006.6,
2024-03-12,9.8,7.8,11.9,6,,248,11.5,,1017.3,
2024-03-13,11.7,8.5,13.6,0,,225,9.3,,1018.3,
2024-03-14,12.3,6.5,18.7,0.2,,193,9.6,,1012.8,
2024-03-15,14,11.8,17.6,4.6,,233,13.2,,1012.3,
2024-03-16,12.4,10.2,15,0.1,,272,10.4,,1021.3,
2024-03-17,12.3,10.5,15.1,4.4,,190,8.6,,1019.7,
2024-03-18,14.2,12.5,16.6,2.4,,302,7.2,,1017.4,
2024-03-19,13.3,9.2,18.2,0,,250,5.7,,1018.3,
2024-03-20,14.8,9.4,21,0.2,,129,4.7,,1018,
2024-03-21,15.3,10.9,19.5,0,,330,7.1,,1025,
2024-03-22,14,9.9,18.6,0.7,,299,9.2,,1020,
2024-03-23,7.9,5.9,12.3,6.4,,288,15.5,,1016.5,
2024-03-24,8,4.9,12,0,,287,14,,1013.6,
2024-03-25,8.9,3.7,14.1,0,,151,11.9,,1003.1,
2024-03-26,9.7,5.3,12.2,7.1,,165,12.9,,989.3,
2024-03-27,8.2,4.7,12.9,0,,199,16.9,,987,
2024-03-28,8.9,5.1,11.7,2.2,,203,31.2,,988.1,
2024-03-29,10.2,7.5,14.1,6.5,,193,16,,993.7,
2024-03-30,8.9,6.9,12.5,7.4,,183,9.5,,996.7,
2024-03-31,9.7,5.5,14.8,4.5,,145,14.4,,993.2,
2024-04-01,9.8,6.5,13.9,2,,224,17.9,,998.6,
2024-04-02,10.5,7.9,13.4,1.6,,212,21.5,,1009.3,
2024-04-03,13.2,10.3,17.1,5.6,,224,14.9,,1007.5,
2024-04-04,14.7,10.9,19.4,13.2,,235,19.1,,1010.8,
2024-04-05,15.7,13.3,18.4,0.9,,195,12.5,,1011.1,
2024-04-06,18,13.2,24.2,0,,194,14.7,,1009.6,
2024-04-07,16.5,13.4,18.9,3,,240,10.2,,1014.5,
2024-04-08,15.9,11.2,23,4,,192,10.1,,1007.5,
2024-04-09,10.7,8.7,14.1,1.6,,254,16.3,,1015.7,
2024-04-10,11.4,6.4,17.1,0,,262,8.6,,1029.8,
2024-04-11,14.9,11.6,18.6,0.3,,219,7.3,,1032.9,
2024-04-12,17.1,11,23.5,0.2,,207,7.6,,1032.4,
2024-04-13,19.5,12.7,26.3,0,,209,9.7,,1026.3,
2024-04-14,16.1,11.4,19.9,0,,336,9.8,,1023.4,
2024-04-15,11.2,8.2,14.7,0.8,,287,15.9,,1015.7,
2024-04-16,9.5,7.2,12.4,1.6,,303,16.7,,1013.8,
2024-04-17,8.7,6.7,11.4,1.4,,327,12.8,,1015.6,
2024-04-18,8.5,4.1,13.8,1.1,,354,8.6,,1020.7,
2024-04-19,10,8.6,11.8,1.9,,291,12.6,,1019.5,
2024-04-20,8,5.6,10.4,0,,6,15.7,,1025,
2024-04-21,8.2,4.8,12.8,1,,11,16.5,,1025.4,
2024-04-22,7.7,4.2,10.8,0.8,,21,14.1,,1025.1,
2024-04-23,8,3.6,12.2,0,,15,11.8,,1021.3,
2024-04-24,8.4,6.9,10.2,0.5,,339,14.7,,1015.9,
2024-04-25,9.5,4.3,13.6,0,,240,7.6,,1008.7,
2024-04-26,11.6,5.6,16.4,0.4,,200,9.2,,1003.8,
2024-04-27,12.4,9.9,16.4,14.8,,156,10,,1002.2,
2024-04-28,12.6,9.8,18.1,1.5,,217,14.4,,1008.7,
2024-04-29,13.7,7.4,18.9,0,,193,8.7,,1018.2,
2024-04-30,15.1,12.4,18.8,1.4,,165,11.9,,1014.1,
2024-05-01,14.9,10.4,20.2,2.8,,75,9.8,,1006,
2024-05-02,11.8,10.9,14.1,10.3,,279,11.7,,1004.6,
2024-05-03,12.8,9.2,17.4,0.1,,235,12.9,,1013.3,
2024-05-04,10.8,6.8,14.8,0.4,,183,7.5,,1012.3,
2024-05-05,13.5,10.3,17.6,2.5,,202,7.4,,1009.8,
2024-05-06,14.4,11.2,19.2,3.4,,218,9.9,,1008.4,
2024-05-07,14.6,9.9,19.6,0.7,,12,10.7,,1018,
2024-05-08,12.7,9.5,16.5,0,,25,13.2,,1027.4,
2024-05-09,14.7,9.6,22,0,,44,9.4,,1026.2,
2024-05-10,19,12.3,25.1,0,,59,10.5,,1021.6,
2024-05-11,20.7,13.6,27,0,,72,8.6,,1017.8,
2024-05-12,19.9,15.5,26.3,1,,152,6.5,,1013.6,
2024-05-13,18.5,15.4,22.7,0.1,,194,11.5,,1010.2,
2024-05-14,15.5,13.8,18.2,12.5,,190,8.7,,1004,
2024-05-15,16.2,12.5,21.3,0.8,,196,8.2,,1005.7,
2024-05-16,16,12.7,20.5,0.6,,245,9.6,,1006.2,
2024-05-17,15.7,10.7,20.7,0,,259,6.5,,1009.9,
2024-05-18,16.5,12.9,20.9,1,,1,7.5,,1012.2,
2024-05-19,16.8,14.5,22.2,4.5,,348,6.4,,1012.7,
2024-05-20,16.7,12.6,22.6,4.9,,32,8.6,,1010.5,
2024-05-21,16.2,13.4,20.6,13.1,,208,8.2,,1008,
2024-05-22,16.2,13.7,20.9,2.3,,267,10.9,,1011.7,
2024-05-23,16,13.6,20,0.6,,246,7.3,,1016.3,
2024-05-24,16.2,13.5,20,0.8,,351,9.9,,1018.3,
2024-05-25,17.3,11.7,23.1,0,,104,8.2,,1017.8,
2024-05-26,18.5,14.7,22.8,0,,221,12.2,,1014.8,
2024-05-27,15.5,12.7,17.3,1.8,,284,8.1,,1018.7,
2024-05-28,13.9,10.2,17,3.2,,215,10.2,,1019.3,
2024-05-29,15.5,14.1,16.5,21.3,,230,11.4,,1013.2,
2024-05-30,14.4,13.2,16.3,7.9,,310,10.9,,1010.4,
2024-05-31,13.8,12.9,16.2,3.5,,329,13.2,,1015.1,
2024-06-01,13.4,13,14.4,4.8,,4,16,,1020.7,
2024-06-02,14.3,12.1,17.6,0,,17,17,,1023.9,
2024-06-03,16,10.1,22,0,,13,9.8,,1021.6,
2024-06-04,19.4,14.5,24.4,0.3,,252,8.9,,1014.7,
2024-06-05,18,15.2,21.3,0.3,,295,11.2,,1014.6,
2024-06-06,16.4,11.2,21.6,0,,351,8.8,,1017.9,
2024-06-07,16.9,11.3,22.3,0,,325,7.1,,1019.9,
2024-06-08,17.3,11.9,21.6,0,,9,10.4,,1014.7,
2024-06-09,16.7,12.5,21.8,0,,10,12.2,,1012.6,
2024-06-10,14.5,11.8,17.3,0.7,,309,15.2,,1012.3,
2024-06-11,13.9,10,17.7,0.2,,338,8,,1017.9,
2024-06-12,14.3,10.1,18.6,0,,8,6.9,,1020.9,
2024-06-13,16.7,11.1,21,0,,240,9.8,,1017.1,
2024-06-14,17,13.4,22.7,2.8,,224,15.1,,1007.6,
2024-06-15,15,11.6,17.2,0.2,,236,17.8,,1007.7,
2024-06-16,15.5,13.2,18.5,4.7,,221,13.4,,1007.9,
2024-06-17,18.8,14.6,24.3,1.7,,204,8.4,,1011.6,
2024-06-18,19.6,16.5,24.5,18.9,,206,8.1,,1011.9,
2024-06-19,18.6,16.4,21.7,0,,50,14.1,,1016.1,
2024-06-20,19.3,16.5,22.8,0.4,,43,9.7,,1016.6,
2024-06-21,19.6,17,23.8,5.4,,312,7.3,,1014.7,
2024-06-22,17.7,13.7,21,3.1,,280,12,,1015.6,
2024-06-23,19.1,13.6,24.5,0,,352,6,,1020.2,
2024-06-24,22.5,15.7,28.4,0,,44,8.7,,1018.5,
2024-06-25,24.7,18.4,30.4,0,,41,9.6,,1013.3,
2024-06-26,25.5,20.1,30.2,0,,359,8.3,,1010.5,
2024-06-27,25.3,20.1,30.8,0,,291,10.4,,1010.6,
2024-06-28,19.6,15,24.6,0,,333,9.2,,1017.5,
2024-06-29,19.3,15.1,23.5,2.3,,30,14.5,,1013,
2024-06-30,19.6,15.2,23.3,0.9,,301,11,,1012.4,
2024-07-01,18.3,15.3,20.5,0.3,,326,11.5,,1017.9,
2024-07-02,17.5,15.2,21.3,7.2,,303,9.8,,1018.2,
2024-07-03,17.1,14,20.7,0,,280,10.3,,1013.2,
2024-07-04,18.4,14.8,21.7,1.7,,282,13.1,,1012.3,
2024-07-05,19.9,13.5,26.8,0,,227,11,,1012.2,
2024-07-06,18.2,14.9,21.3,1,,257,13.2,,1007.6,
2024-07-07,17.1,11.4,21.4,0,,246,9.5,,1014.6,
2024-07-08,19.7,13.3,26.1,0,,170,6.5,,1015.8,
2024-07-09,21.5,17.6,25,3.2,,33,8.5,,1012.6,
2024-07-10,22,19.2,25.8,0,,252,10.5,,1016.1,
2024-07-11,21.2,17.1,24.4,0.4,,12,8.1,,1017.4,
2024-07-12,16.7,14.3,21,25.6,,353,12.2,,1014.2,
2024-07-13,17.2,13.1,22.8,1.1,,238,5.8,,1014.8,
2024-07-14,18.5,12.5,23,0,,199,6.3,,1013.6,
2024-07-15,21.1,14.2,26.8,4.8,,184,9.3,,1009.7,
2024-07-16,19.3,15.1,22.7,0.6,,246,19.1,,1014,
2024-07-17,20.9,15.2,25.8,0,,319,4.9,,1020.7,
2024-07-18,24,17,29.6,0,,101,5.6,,1020,
2024-07-19,27.1,20.1,34.1,0,,155,6,,1016.5,
2024-07-20,26.1,18,30.9,2.1,,273,9,,1009.4,
2024-07-21,22.4,19.7,25.9,2.6,,324,10.4,,1010.2,
2024-07-22,20.2,15.3,25.6,0,,269,10.7,,1019.3,
2024-07-23,20.3,17,23.2,5,,275,11.8,,1020.3,
2024-07-24,20.4,16,25.3,0,,47,6.2,,1021.6,
2024-07-25,23.1,18.3,28.4,0,,220,8.5,,1014.9,
2024-07-26,20.7,18.7,22.6,13.5,,335,4.8,,1012.7,
2024-07-27,18,16.6,20,12,,338,6,,1015.3,
2024-07-28,19.6,13.1,25.4,0.2,,55,8.1,,1024,
2024-07-29,23.9,16.7,31.3,0,,104,8.8,,1019.9,
2024-07-30,28.3,21.2,35.8,0,,111,4.8,,1014.7,
2024-07-31,26.3,21.3,32.1,3.2,,79,6.5,,1012.7,
2024-08-01,25.7,20.6,29.9,11.9,,291,7.8,,1011.5,
2024-08-02,23.1,19.6,27.7,10.2,,305,8.1,,1013,
2024-08-03,20.7,16.8,24.3,0.6,,283,9.9,,1015.2,
2024-08-04,21,17.4,24.5,0,,281,8.3,,1016.2,
2024-08-05,23,16,29.6,0,,183,7,,1014.5,
2024-08-06,23.7,17.4,29.3,0,,253,9.1,,1011.6,
2024-08-07,20.6,16.3,23.9,0.6,,322,10,,1014.6,
2024-08-08,22.5,17.5,27.5,0,,258,7.7,,1017.5,
2024-08-09,22.7,19.1,26.6,0.4,,258,10.5,,1018.1,
2024-08-10,23.2,16.2,29.5,0,,330,7,,1021.5,
2024-08-11,25.9,18.4,32.3,0,,74,8.9,,1018.4,
2024-08-12,27.9,20.9,35.3,0,,169,11.5,,1010.2,
2024-08-13,23.8,20.9,26.4,0,,314,7.9,,1010.5,
2024-08-14,23.7,20.4,27.4,11.1,,331,7.3,,1013.1,
2024-08-15,23.1,19.5,27.1,0,,291,9.4,,1018,
2024-08-16,22.3,18.2,26.1,0,,242,10.1,,1017.2,
2024-08-17,20.7,18.2,23.3,17.1,,269,6.9,,1013.8,
2024-08-18,17.8,14.9,20.7,2.2,,329,12.6,,1015.1,
2024-08-19,18.4,13.3,23.4,0.2,,248,5.6,,1018.6,
2024-08-20,18.2,14,24.4,4.9,,230,11.1,,1014,
2024-08-21,17.1,12.4,22.2,0,,266,8.4,,1020.2,
2024-08-22,19.1,12.2,25.9,0,,215,10.8,,1014.3,
2024-08-23,21.2,16.7,25.8,0,,230,13.5,,1010.8,
2024-08-24,22.3,16.6,29.6,1.8,,225,13.9,,1009,
2024-08-25,17.2,11.9,21.8,0,,267,8.7,,1022.1,
2024-08-26,18.6,12.6,24.1,0,,239,6.4,,1022.8,
2024-08-27,21.1,15,27.9,0,,115,6.2,,1019.4,
2024-08-28,23.8,16.5,32.2,,,170,7.2,,1014.2,
2024-08-29,22.1,18,25,,,336,11,,1017.7,
2024-08-30,18,17,19.5,,,20,13.8,,1019.9,
2024-08-31,19.6,15.6,24.5,,,32,10.3,,1018.4,
2024-09-01,23.1,18.8,28.7,,,204,9,,1013.1,
2024-09-02,21.3,17.8,25.9,,,223,8.2,,1013.5,
2024-09-03,20,18.2,21.6,,,239,8.2,,1015.1,
2024-09-04,19.3,17.1,22.1,0,,330,8.9,,1016.4,
2024-09-05,16.5,14.7,18.7,26.3,,305,10.5,,1010.7,
2024-09-06,17.8,12.9,23.4,0.2,,144,6.2,,1011,
2024-09-07,18.8,16.9,21.9,1.9,,148,7.3,,1009.5,
2024-09-08,16.7,13.3,21.6,11.7,,213,13.5,,1009.3,
2024-09-09,16.3,15.1,18.1,1.7,,284,12.3,,1010.6,
2024-09-10,15.2,11.9,18.4,0,,260,14,,1015.7,
2024-09-11,14.6,12,17.2,3,,286,11.7,,1011.4,
2024-09-12,11.7,9.1,15.1,6.8,,291,8.9,,1016.1,
2024-09-13,12.1,8,16.4,1.3,,342,12.4,,1025.5,
2024-09-14,13.1,8.7,17.5,0,,26,7.6,,1031.4,
2024-09-15,14.1,8.8,19.9,0,,5,6.3,,1028.5,
2024-09-16,16.5,12.9,19.6,0,,11,10.9,,1026.2,
2024-09-17,16.7,13.9,21.3,0,,39,18,,1025.3,
2024-09-18,18.7,14.1,23.8,0.2,,48,15.1,,1021.7,
2024-09-19,20.2,15.4,25.8,0,,63,14.2,,1018.5,
2024-09-20,18.8,14.6,24.1,2.2,,91,8.4,,1017.1,
2024-09-21,19.2,15,23.9,1.1,,138,7.9,,1016.7,
2024-09-22,18.1,16.3,20.2,11,,173,8.2,,1012.9,
2024-09-23,15.7,13.6,19.6,6.1,,211,10.1,,1009,
2024-09-24,15.2,13.8,17.6,5,,238,12.1,,1006.6,
2024-09-25,14.7,13.2,15.9,15.1,,203,10,,1004.1,
2024-09-26,16,14.1,19.6,12.2,,223,14.8,,994.7,
2024-09-27,13.5,11.5,16.9,2.9,,243,16.4,,1003,
2024-09-28,11.5,8.4,15.3,1.2,,324,8.1,,1022.8,
2024-09-29,9.9,6.5,13.4,0,,150,8.2,,1024,
2024-09-30,14.9,12,18,0.8,,224,16.4,,1012,
2024-10-01,14.6,12.1,17.7,0,,258,10.3,,1011.3,
2024-10-02,13.8,13.2,15,0.8,,327,12.2,,1009.7,
2024-10-03,12.2,10.5,14.1,0,,36,14.9,,1016.7,
2024-10-04,11.5,7.4,17.2,0.2,,42,8.1,,1020.4,
2024-10-05,12.2,7.6,17.8,0.2,,109,8.4,,1016.8,
2024-10-06,13.2,10.5,17,1.4,,167,11.1,,1004.9,
2024-10-07,15.6,13.2,17,10.6,,194,8.9,,1001.8,
2024-10-08,15.5,12.9,19.2,0.4,,205,13.4,,999.7,
2024-10-09,14.5,12.4,16.5,73.6,,203,13.3,,989.5,
2024-10-10,13.7,12,17.6,5,,292,11.3,,1002.5,
2024-10-11,11.1,8,15.3,0,,59,7.5,,1016.5,
2024-10-12,11.7,8.6,15,0.6,,166,7.8,,1011,
2024-10-13,13.1,10,15.7,0,,312,7,,1018.1,
2024-10-14,14.5,10.6,19.1,0,,179,7.5,,1016.4,
2024-10-15,15.7,12.5,18.8,0.7,,122,8.2,,1014.4,
2024-10-16,19.3,15.2,25.8,3.9,,162,11.3,,1005.9,
2024-10-17,17.2,14.9,18.7,19.4,,214,9,,1010.5,
2024-10-18,13.9,12.8,14.9,6.4,,329,10.7,,1015.1,
2024-10-19,13.6,11,16.4,4.4,,203,10.6,,1016.1,
2024-10-20,15.4,12.4,18.8,0,,213,12,,1019.2,
2024-10-21,17.3,13.6,19.8,0.7,,228,8.9,,1021.7,
2024-10-22,13.5,11.3,16.8,0.2,,330,7.3,,1030.4,
2024-10-23,12.5,9.1,18,0.2,,52,6.2,,1033,
2024-10-24,12.7,8.1,18.8,0.2,,152,8.3,,1022.8,
2024-10-25,15,11.9,19.9,0.4,,186,9.3,,1016.5,
2024-10-26,15.7,13.7,18.1,1.7,,13,4.9,,1015.3,
2024-10-27,15.2,13.9,16.7,0.6,,20,7.5,,1021.2,
2024-10-28,13.5,11.7,16.4,0.2,,216,5.7,,1026.5,
2024-10-29,11.6,10.5,13.3,0,,220,5.4,,1027.3,
2024-10-30,12.5,11.2,13.9,0,,104,7.1,,1027.8,
2024-10-31,11.2,10.4,12.9,0,,116,6.2,,1027.4,
2024-11-01,10,8.9,11.2,0,,137,5.3,,1026.1,
2024-11-02,11.1,10,12.3,0.5,,90,9.9,,1028.4,
2024-11-03,10.1,7.9,11.6,0,,136,9.4,,1028.1,
2024-11-04,9.5,6,15,0,,110,5.5,,1024.9,
2024-11-05,10,8,12.3,0,,166,5,,1023.8,
2024-11-06,10.7,9.5,12,0,,41,8.2,,1029.9,
2024-11-07,11.2,8.6,13.4,0,,69,10.9,,1029.6,
2024-11-08,9.7,7.6,12,0,,70,8.1,,1025,
2024-11-09,10.4,6.5,14.1,0,,102,6.5,,1023.8,
2024-11-10,10.5,7.2,12,2,,3,9,,1027.7,
2024-11-11,8.8,4.8,13.1,0.2,,328,11.3,,1032.3,
2024-11-12,8.5,6.9,10.8,1.9,,15,20,,1029.3,
2024-11-13,6.8,4.9,9.1,0,,28,12.1,,1032.1,
2024-11-14,7.8,4.3,11.6,0,,340,6.4,,1030.2,
2024-11-15,8.4,6.4,10.3,0,,46,6,,1027.5,
2024-11-16,6.9,4,9.5,0,,224,3.6,,1022,
2024-11-17,7,3.4,10.2,0.8,,246,12.3,,1017.6,
2024-11-18,8.6,6.4,10.5,5,,236,19.4,,1013.5,
2024-11-19,10.1,6.3,11.9,15.1,,248,24.9,,1001.5,
2024-11-20,4.1,1.7,6.8,0.5,,284,13.8,,1009.4,
2024-11-21,0.6,-2,1.5,10,,71,13.1,,1002.1,
